"ITS_Title","Species_Name","ITS_Sequence","Resistance_group","Seq_Length"
"PX421608.1 Candida albicans isolate A25_ITS-1-0429 internal transcribed spacer 1, partial sequence; 5.8S ribosomal RNA gene and internal transcribed spacer 2, complete sequence; and large subunit ribosomal RNA gene, partial sequence","Candida albicans","GGCTCGCCGTATCTTCGTGCTCACTTGTGTTTTTCTTTGAACACTTGTTTGGCGGTGGGCCAGCTGCCGCCAAGGTCTAAACTTACAACCAATTTTTTATCAACTTGTCACACCAGATTATTACTTAATAGTCAAAACTTTCAACAACGGATCTCTTGGTTCTCGCATCGATGAAGAACGCAGCGAAATGCGATACGTAATATGAATTGCAGATATTCGTGAATCATCGAATCTTTGAACGCACATTGCGCCCTCTGGTATTCCGGAGGGCATGCCTGTTTGAGCGTCGTTTCTCCCTCAAACCGCTGGGTTTGGTGTTGAGCAATACGACTTGGGTTTGCTTGAAAGACGGTAGTGGTAAGGCGGGATCGCTTTGACAATGGCTTAGGTCTAACCAAAAACATTGCTTGCGGCGGTAACGTCCACCACGTATATCTTCAAACTTTGACCTCAAATCAGGTAGGACTACCCGCTGAACTTAAGCATATCAATAAGCGGAGGAA","Lower resistance concern",503
"PX107664.1 Candida albicans isolate RCB134 internal transcribed spacer 1, partial sequence; 5.8S ribosomal RNA gene, complete sequence; and internal transcribed spacer 2, partial sequence","Candida albicans","CACCACATGTGTTTTTCTTTGAAMCAAACTTGCTTKGGCGGTGGGCCCASCCTGCCGCCAGAGGTTTAAACTTMCAACCAATTTTTTATCAAYTTKTCMCMCGAGATTATTAYTAATAGTCAAAACTTTCAACAACGGATCTCTTGGTTCTCGCATCGATGAAGAACGCAGCGAAATGCGATACGTAATATGAATTGCAGATATTCGTGAATCATCGAATCTTTGAACGCACATTGCGCCCTCTGGTATTCCGGAGGGCATGCCTGTTTGAGCGTCGTTTCTCCCTCAAACCGCTGGGTTTGGTGTTGAGCAATACGACTTGGGTTTGCTTGAAAGACGGTAGTGGTAAGGCGGGATCGCTTTGACAATGGCTTAGGTCTAACCAAAAACATTGCTTGCGGCGGTAACGTCCYACCACGTATATMTTCAAACTTGACCTCAAATCAG","Lower resistance concern",447
"PX240463.1 Candida albicans isolate 3994 internal transcribed spacer 1, partial sequence; 5.8S ribosomal RNA gene and internal transcribed spacer 2, complete sequence; and large subunit ribosomal RNA gene, partial sequence","Candida albicans","TTTTTTTTGGGGCCGGGTAGGGCCCAACCAAGAACGCCAGAGGTCTAAAACTTACAAACCAATTTTTTATCAACTTGTCACACCAGATTATTACTAATAGTCAAAACTTTCAACAACGGATCTCTTGGTTCTCGCATCGATGAAGAACGCAGCGAAATGCGATACGTAATATGAATTGCAGATATTCGTGAATCATCGAATCTTTGAACGCACATTGCGCCCTCTGGTATTCCGGAGGGCATGCCTGTTTGAGCGTCGTTTCTCCCTCAAACCGCTGGGTTTGGTGTTGAGCAATACGACTTGGGTTTGCTTGAAAGACGGTAGTGGTAAGGCGGGATCGCTTTGACAATGGCTTAGGTCTAACCAAAAACATTGCTTGCGGCGGTAACGTCCACCACGTATATCTTCAAACTTTGACCTCAAATCAAGTAGGACTACCCGCTGAACTTAAGCATAACAATAAACGGAGGAAA","Lower resistance concern",473
"LC902935.1 Candida albicans 91 genes for ITS1, 5.8S rRNA, ITS2, 28S rRNA, partial and complete sequence","Candida albicans","GTGTTTTTCTTTGAAACAAACTTGCTTTGGCGGTGGGCCCAGCCTGCCGCCAGAGGTCTAAACTTACAACCAATTTTTTATCAACTTGTCACACCAGATTATTACTAATAGTCAAAACTTTCAACAACGGATCTCTTGGTTCTCGCATCGATGAAGAACGCAGCGAAATGCGATACGTAATATGAATTGCAGATATTCGTGAATCATCGAATCTTTGAACGCACATTGCGCCCTCTGGTATTCCGGAGGGCATGCCTGTTTGAGCGTCGTTTCTCCCTCAAACCGCTGGGTTTGGTGTTGAGCAATACGACTTGGGTTTGCTTGAAAGACGGTAGTGGTAAGGCGGGATCGCTTTGACAATGGCTTAGGTCTAACCAAAAACATTGCTTGCGGCGGTAACGTCCACCACGTATATCTTCAAACTTTGACCTCAAATCAGGTAGGACTACCCGCTGAACTTAAGCATATCATA","Lower resistance concern",472
"PQ860522.1 Candida albicans isolate 4 small subunit ribosomal RNA gene, partial sequence; internal transcribed spacer 1, 5.8S ribosomal RNA gene, and internal transcribed spacer 2, complete sequence; and large subunit ribosomal RNA gene, partial sequence","Candida albicans","ATGAGATTCAGTGTACAGGTTCGTAGGTGACCTGCGCAAGGTCATTACTGATTTGCTTAATTGCCCACATGTGTTTTTCTTTGAAACAAACTTGCTTTGGTGGTGGGCCCAGCCTGCCGCCAGAGGTCTAAACTTACAACCAATTTTTTATCAACTTGTCACACCAGATTATTACTAATAGTCAAAACTTTCAACAACGGATCTCTTGGTTCTCGCATCGATGAAGAACGCAGCGAAATGCGATACGTAATATGAATTGCAGATATTCGTGAATCATCGAATCTTTGAACGCACATTGCGCCCTCTGGTATTCCGGAGGGCATGCCTGTTTGAGCGTCGTTTCTCCCTCAAACCGCTGGGATTGGTGTTGAGCAATACAACTTGGGTTTGCTTGAAAGACGACCTCTTAAGGCGGGATCGCTTTGACAATGGCTTAGGTCTAACCAAAAACATTGCTTGGGGGGGTAACGACTACCACGAATATTTACCAACTTTGACCTCCAATCACGGAGGACTACCCGCTAAATTTAAGTATATCAAAAGAGCGTTATGTTTTCGCGCATACTTCCTTGACCTCACCTCAGGTAGGATTACCCGCTGAACTTCATGCCTATCATCGGAGGCGA","Lower resistance concern",626
"PX353342.1 Candida albicans strain 41K internal transcribed spacer 1, partial sequence; 5.8S ribosomal RNA gene and internal transcribed spacer 2, complete sequence; and large subunit ribosomal RNA gene, partial sequence","Candida albicans","CAAAAAAAAAAGGTTGACTGTTCTGCCCACATGTGTTTTTCTTTGAAACAAACTTGCTTTGGCGGTGGGCCCAGCCTGCCGCCAGAGGTCTAAACTTACAACCAATTTTTTATCAACTTGTCACACCAGATTATTACTAATAGTCAAAACTTTCAACAACGGATCTCTTGGTTCTCGCATCGATGAAGAACGCACCCAAATGCGATACGTAATATGAATTGCAGATATTCGTGAATCATCGAATCTTTGAACGCACATTGCGCCCTCTGGTATTCCGGAGGGCATGCCTGTTTGAGCGTCGTTTCTCCCTCAAACCGCTGGGTTTGGTGTTGAGCAATACGACTTGGGTTTGCTTGAAAGACGGTAGTGGTAAGGCGGGATCGCTTTGACAATGGCTTAGGTCTAACCAAAAACATTGCTTGCGGCGGTAACGTCCACCACGTATATCTTCAAACTTTGACCTCAAATCAGGTAGGACTACCCGCTGAACTTAAGCATATCAATAAGCGGGGAAA","Lower resistance concern",515
"PX457082.1 Candida albicans isolate m18 small subunit ribosomal RNA gene, partial sequence; internal transcribed spacer 1, 5.8S ribosomal RNA gene, and internal transcribed spacer 2, complete sequence; and large subunit ribosomal RNA gene, partial sequence","Candida albicans","CCTTCCGTAGGGGAACCTGCGGAAGGATCATTACTGATTTGCTTAATTGCACCACATGTGTTTTTCTTTGAAACAAACTTGCTTTGGCGGTGGGCCCAGCCTGCCGCCAGAGGTCTAAACTTACAACCAATTTTTTATCAACTTGTCACACCAGATTATTACTAATAGTCAAAACTTTCAACAACGGATCTCTTGGTTCTCGCATCGATGAAGAACGCAGCGAAATGCGATACGTAATATGAATTGCAGATATTCGTGAATCATCGAATCTTTGAACGCACATTGCGCCCTCTGGTATTCCGGAGGGCATGCCTGTTTGAGCGTCGTTTCTCCCTCAAACCGCTGGGTTTGGTGTTGAGCAATACGACTTGGGTTTGCTTGAAAGACGGTAGTGGTAAGGCGGGATCGCTTTGACAATGGCTTAGGTCTAACCAAAAACATTGCTTGCGGCGGTAACGTCCACCACGTATATCTTCAAACTTTGACCTCAAATCAGGTAGGACTACCCGCTGAACTTAAGCATATCAATAAGGCGGAGGAA","Lower resistance concern",541
"PX451934.1 Candida albicans isolate 481 small subunit ribosomal RNA gene, partial sequence; internal transcribed spacer 1, 5.8S ribosomal RNA gene, and internal transcribed spacer 2, complete sequence; and large subunit ribosomal RNA gene, partial sequence","Candida albicans","TCCGTAGGTGAACCTGCGGAAGGATCATTACTGATTTGCTTAATTGCACCACATGTGTTTTTCTTTGAAACAAACTTGCTTTGGCGGTGGGCCCAGCCTGCCGCCAGAGGTCTAAACTTACAACCAATTTTTTATTAACTTGTCACACCAGATTATTACTTAATAGTCAAAACTTTCAACAACGGATCTCTTGGTTCTCGCATCGATGAAGAACGCAGCGAAATGCGATACGTAATATGAATTGCAGATATTCGTGAATCATCGAATCTTTGAACGCACATTGCGCCCTCTGGTATTCCGGAGGGCATGCCTGTTTGAGCGTCGTTTCTCCCTCAAACCGCTGGGTTTGGTGTTGAGCAATACGACTTGGGTTTGCTTGAAAGACGGTAGTGGTAAGGCGGGATCGCTTTGACAATGGCTTAGGTCTAACCAAAAACATTGCTTGCGGCGGTAACGTCCACCACGTATATCTTCAAACTTTGACCTCAAATCAGGTAGGACTACCCGCTGAACTTAAGCATATCAATAAGCGGAGGAAGA","Lower resistance concern",540
"PX470696.1 Candida albicans isolate cab03 internal transcribed spacer 1, partial sequence; 5.8S ribosomal RNA gene and internal transcribed spacer 2, complete sequence; and large subunit ribosomal RNA gene, partial sequence","Candida albicans","GACGCATGCTTATTGCACCACATGTGTTTTTCTTTGAAACAAACTTGCTTTGGCGGTGGGCCCAGCCTGCCGCCAGAGGTCTAAACTTACAACCAATTTTTTATTAACTTGTCACACCAGATTATTACTAAATAGTCAAAACTTTCAACAACGGATCTCTTGGTTCTCGCATCGATGAAGAACGCAGCGAAATGCGATACGTAATATGAATTGCAGATATTCGTGAATCATCGAATCTTTGAACGCACATTGCGCCCTCTGGTATTCCGGAGGGCATGCCTGTTTGAGCGTCGTTTCTCCCTCAAACCGCTGGGTTTGGTGTTGAGCAATACGACTTGGGTTTGCTTGAAAGACGGTAGTGGTAAGGCGGGATCGCTTTGACAATGGCTTAGGTCTAACCAAAAACATTGCTTGCGGCGGTAACGTCCACCACGTATATCTTCAAACTTTGACCTCAAATCAGGTAGGACTACCCGCTGAACTTAAGCATATCAAAAGCCGGAGGAAA","Lower resistance concern",508
"PX103091.1 Candida albicans strain HHM-Erbil-2025-04 internal transcribed spacer 1, partial sequence; 5.8S ribosomal RNA gene and internal transcribed spacer 2, complete sequence; and large subunit ribosomal RNA gene, partial sequence","Candida albicans","TGCACCACATGTGTTTTTTCTTTGAACAAACTTTGCTTTTGGCGGTGGGCCCAGCCTGCCGCCAGAGGTCTAAACTTACAACCAATTTTTTATCAACTTGTCACACCAGATTATTACTAATAGTCAAAACTTTCAACAACGGATCTCTTGGTTCTCGCATCGATGAAGAACGCAGCGAAATGCGATACGTAATATGAATTGCAGATATTCGTGAATCATCGAATCTTTGAACGCACATTGCGCCCTCTGGTATTCCGGAGGGCATGCCTGTTTGAGCGTCGTTTCTCCCTCAAACCGCTGGGTTTGGTGTTGAGCAATACGACTTGGGTTTGCTTGAAAGACGGTAGTGGTAAGGCGGGATCGCTTTGACAATGGCTTAGGTCTAACCAAAAACATTGCTTGCGGCGGTAACGTCTACCACGTATATCTTCAAACTTTGACCTCAAATCAGGTAGGACTACCCGCTGAACTTAAGCATAT","Lower resistance concern",480
"PX103097.1 Candida albicans strain HHM-Erbil-2025-10 internal transcribed spacer 1, partial sequence; 5.8S ribosomal RNA gene and internal transcribed spacer 2, complete sequence; and large subunit ribosomal RNA gene, partial sequence","Candida albicans","CCCCATGTGTTTTTCTTTGAACTAACTTGCTTTGGCGGTGGGCCCAGCCTGCCGCCAGAGGTCTAAACTTACTACCAATTTTTTATCAACTTGTCACACCAGATTATTACTAATAGTCAAAACTTTCCACAACGGATCTCTTGGTTCTCGCATCGATGAAGAACGCAGCGAAATGCGATACGTAATATGAATTGCAGATTTTCGTGAATCATCGAATCTTTGAACGCACATTGCGCCCTCTGGTATTCCGGAAGGCATGCCTGTTTGAGCGTCGTTTCTCCCTCAAACCGCTGGGTTTGGTGTTGAGCAATACGACTTGGGTTTGCTTGAAAGACGGTAGTGGTAAGGCGGGATCGCTTTGACAATGGCTTAGGTCTAACCAAAAACATTGCTTGCGGCGGTAACGTCCACCACGTATATCTTCAAACTTTGACCTCAAATCAGGTAGGACTACCCGCTGAACTTAAGCATATCAATAAGCCGGAGGAA","Lower resistance concern",489
"PX421614.1 Candida albicans isolate A42_ITS-1-0924 internal transcribed spacer 1, partial sequence; 5.8S ribosomal RNA gene and internal transcribed spacer 2, complete sequence; and large subunit ribosomal RNA gene, partial sequence","Candida albicans","TAATTTCTATTGCACCACATGTGTTTTTCTTTGAAACAAACTTGCTTTGGCGGTGGGCCCAGCCTGCGCAGAGGTCTAAACTTACAACCAATTTTTTATCAACTTGTCACACCAGATTATTACTAATAGTCAAAACTTTCAACAACGGATCTCTTGGTTCTCGCATCGATGAAGAACGCAGCGAAATGCGATACGTAATATGAATTGCAGATATTCGTGAATCATCGAATCTTTGAACGCACATTGCGCCCTCTGGTATTCCGGAGGGCATGCCTGTTTGAGCGTCGTTTCTCCCTCAAACCGCTGGGTTTGGTGTTGAGCAATACGACTTGGGTTTGCTTGAAAGACGGTAGTGGTAAGGCGGGATCGCTTTGACAATGGCTTAGGTCTAACCAAAAACATTGCTTGCGGCGGTAACGTCCACCACGTATATCTTCAAACTTTGACCTCAAATCAGGTAGGACTACCCGCTGAACTTAAGCATATCAATAAGCGGAGGAA","Lower resistance concern",501
"PX451962.1 Candida albicans isolate H12 small subunit ribosomal RNA gene, partial sequence; internal transcribed spacer 1, 5.8S ribosomal RNA gene, and internal transcribed spacer 2, complete sequence; and large subunit ribosomal RNA gene, partial sequence","Candida albicans","CTTCCGTAGGGTGAACCTGCGGAAGGATCATTACTGATTTGCTTAATTGCACCACATGTGTTTTTCTTTGAAACAAACTTGCTTTGGCGGTGGGCCCAGCCTGCCGCCAGAGGTCTAAACTTACAACCAATTTTTTATCAACTTGTCACACCAGATTATTACTAATAGTCAAAACTTTCAACAACGGATCTCTTGGTTCTCGCATCGATGAAGAACGCAGCGAAATGCGATACGTAATATGAATTGCAGATATTCGTGAATCATCGAATCTTTGAACGCACATTGCGCCCTCTGGTATTCCGGAGGGCATGCCTGTTTGAGCGTCGTTTCTCCCTCAAACCGCTGGGTTTGGTGTTGAGCAATACGACTTGGGTTTGCTTGAAAGACGGTAGTGGTAAGGCGGGATCGCTTTGACAATGGCTTAGGTCTAACCAAAAACATTGCTTGCGGCGGTAACGTCCACCACGTATATCTTCAAACTTTGACCTCAAATCAGGTAGGACTACCCGCTGAACTTAAGCATATCAATAAGCGGGAGGA","Lower resistance concern",540
"PX451961.1 Candida albicans isolate 491 small subunit ribosomal RNA gene, partial sequence; internal transcribed spacer 1, 5.8S ribosomal RNA gene, and internal transcribed spacer 2, complete sequence; and large subunit ribosomal RNA gene, partial sequence","Candida albicans","CGTAGGTGAACCTGCGGAAGGATCATTACTGATTTGCTTAATTGCACCACATGTGTTTTTCTTTGAAACAAACTTGCTTTGGCGGTGGGCCCAGCCTGCCGCCAGAGGTCTAAACTTACAACCAATTTTTTATCAACTTGTCACACCAGATTATTACTAATAGTCAAAACTTTCAACAACGGATCTCTTGGTTCTCGCATCGATGAAGAACGCAGCGAAATGCGATACGTAATATGAATTGCAGATATTCGTGAATCATCGAATCTTTGAACGCACATTGCGCCCTCTGGTATTCCGGAGGGCATGCCTGTTTGAGCGTCGTTTCTCCCTCAAACCGCTGGGTTTGGTGTTGAGCAATACGACTTGGGTTTGCTTGAAAGACGGTAGTGGTAAGGCGGGATCGCTTTGACAATGGCTTAGGTCTAACCAAAAACATTGTTTGCGGCGGTAACGTCCACCACGTATATCTTCAAACTTTGACCTCAAATCAGGTAGGACTACCCGCTGAACTTAAGCATATCAATAAGCGGAGGAA","Lower resistance concern",535
"PV059357.1 Candidozyma auris isolate LPDDT CO-03 internal transcribed spacer 1, partial sequence; 5.8S ribosomal RNA gene and internal transcribed spacer 2, complete sequence; and large subunit ribosomal RNA gene, partial sequence","Candida auris","TAACCCAACGTTAAGTTCAACTAAACAAAACATAAAACTTTCAACAACGGATCTCTTGGTTCTCGCATCGATGAAGAACGCAGCGAAATGCGATACGTAGTATGACTTGCAGACGTGAATCATCGAATCTTTGAACGCACATTGCGCCTTGGGGTATTCCCCAAGGCATGCCTGTTTGAGCGTGATGTCTTCTCACCAATCTTCGCGGTGGCGTTGCATTCACAAAATTACAGCTTGCACGAAAAAAATCTACGCTTTTTTTTTCGTTTTGTTGTCGCCTCAAATCAGGTAGGACTACCCGCTGAACTTAAGCATATCAATAAGCGGAGGAAAAAGGATCATTATTGAAGCTATTACAAACACTGATTTGGATTTTAAAACTAACCCAACGTTAAGTTCAACTAAACAAAACAT","High resistance concern",414
"PV059329.1 Candidozyma auris isolate HR 35.1 internal transcribed spacer 1, partial sequence; 5.8S ribosomal RNA gene and internal transcribed spacer 2, complete sequence; and large subunit ribosomal RNA gene, partial sequence","Candida auris","AACTAACCCAACGTTAAGTTCAACTAAACAAAACATAAAACTTTCAACAACGGATCTCTTGGTTCTCGCATCGATGAAGAACGCAGCGAAATGCGATACGTAGTATGACTTGCAGACGTGAATCATCGAATCTTTGAACGCACATTGCGCCTTGGGGTATTCCCCAAGGCATGCCTGTTTGAGCGTGATGTCTTCTCACCAATCTTCGCGGTGGCGTTGCATTCACAAAATTACAGCTTGCACGAAAAAAATCTACGCTTTTTTTTTCGTTTTGTTGTCGCCTCAAATCAGGTAGGACTACCCGCTGAACTTAAGCATATCAATAAGCGGAGGAAAAAGGATCATTATTGAAGCTATTACAAACACTGATTTGGATTTTAAAACTAACCCAACGTTAAGTTC","High resistance concern",402
"PV059328.1 Candidozyma auris isolate HR 35 internal transcribed spacer 1, partial sequence; 5.8S ribosomal RNA gene and internal transcribed spacer 2, complete sequence; and large subunit ribosomal RNA gene, partial sequence","Candida auris","CTAACCCAACGTTAAGTTCAACTAAACAAAACATAAAACTTTCAACAACGGATCTCTTGGTTCTCGCATCGATGAAGAACGCAGCGAAATGCGATACGTAGTATGACTTGCAGACGTGAATCATCGAATCTTTGAACGCACATTGCGCCTTGGGGTATTCCCCAAGGCATGCCTGTTTGAGCGTGATGTCTTCTCACCAATCTTCGCGGTGGCGTTGCATTCACAAAATTACAGCTTGCACGAAAAAAATCTACGCTTTTTTTTTCGTTTTGTTGTCGCCTCAAATCAGGTAGGACTACCCGCTGAACTTAAGCATATCAATAAGCGGAGGAAAAAGGATCATTATTGAAGCTATTACAAACACTGATTTGGATTTTAAAACTAACCCAACGTTAAGTTCAACTAAACAAAACATAAAAC","High resistance concern",420
"PV059353.1 Candidozyma auris isolate LPDDT VE-01 internal transcribed spacer 1, partial sequence; 5.8S ribosomal RNA gene and internal transcribed spacer 2, complete sequence; and large subunit ribosomal RNA gene, partial sequence","Candida auris","CTAACCCAACGTTAAGTTCAACTAAACAAAACATAAAACTTTCAACAACGGATCTCTTGGTTCTCGCATCGATGAAGAACGCAGCGAAATGCGATACGTAGTATGACTTGCAGACGTGAATCATCGAATCTTTGAACGCACATTGCGCCTTGGGGTATTCCCCAAGGCATGCCTGTTTGAGCGTGATGTCTTCTCACCAATCTTCGCGGTGGCGTTGCATTCACAAAATTACAGCTTGCACGAAAAAAATCTACGCTTTTTTTTTCGTTTTGTTGTCGCCTCAAATCAGGTAGGACTACCCGCTGAACTTAAGCATATCAATAAGCGGAGGAAAAAGGATCATTATTGAAGCTATTACAAACACTGATTTGGATTTTAAAACTAACCCAACGTTAAGTTCAACTAAACAAAACATAAAACTTTCAACAACGGATCTTTGGTTCTCGCATC","High resistance concern",450
"PV059325.1 Candidozyma auris isolate HR 32 internal transcribed spacer 1, partial sequence; 5.8S ribosomal RNA gene and internal transcribed spacer 2, complete sequence; and large subunit ribosomal RNA gene, partial sequence","Candida auris","CTAACCCAACGTTAAGTTCAACTAAACAAAACATAAAACTTTCAACAACGGATCTCTTGGTTCTCGCATCGATGAAGAACGCAGCGAAATGCGATACGTAGTATGACTTGCAGACGTGAATCATCGAATCTTTGAACGCACATTGCGCCTTGGGGTATTCCCCAAGGCATGCCTGTTTGAGCGTGATGTCTTCTCACCAATCTTCGCGGTGGCGTTGCATTCACAAAATTACAGCTTGCACGAAAAAAATCTACGCTTTTTTTTTCGTTTTGTTGTCGCCTCAAATCAGGTAGGACTACCCGCTGAACTTAAGCATATCAATAAGCGGAGGAAAAAGGATCATTATTGAAGCTATTACAAACACTGATTTGGATTTTAAAACTAACCCAACGTTAAGTTCAACTAAACAAAACATAAAAC","High resistance concern",420
"PV059319.1 Candidozyma auris isolate HR 26 internal transcribed spacer 1, partial sequence; 5.8S ribosomal RNA gene and internal transcribed spacer 2, complete sequence; and large subunit ribosomal RNA gene, partial sequence","Candida auris","CAAACACTGATTTGGATTTTAAAACTAACCCAACGTTAAGTTCAACTAAACAAAACATAAAACTTTCAACAACGGATCTCTTGGTTCTCGCATCGATGAAGAACGCAGCGAAATGCGATACGTAGTATGACTTGCAGACGTGAATCATCGAATCTTTGAACGCACATTGCGCCTTGGGGTATTCCCCAAGGCATGCCTGTTTGAGCGTGATGTCTTCTCACCAATCTTCGCGGTGGCGTTGCATTCACAAAATTACAGCTTGCACGAAAAAAATCTACGCTTTTTTTTTCGTTTTGTTGTCGCCTCAAATCAGGTAGGACTACCCGCTGAACTTAAGCATATCAATAAGCGGAGGAAAAGGATCATTATTGAAGCTATTACAAACACTGATTTGGATTTTAAAACTAACCCAACGTTAAGTTCAACTAAACAAAACATAAAAC","High resistance concern",443
"PV059354.1 Candidozyma auris isolate LPDDT VE-02 internal transcribed spacer 1, partial sequence; 5.8S ribosomal RNA gene and internal transcribed spacer 2, complete sequence; and large subunit ribosomal RNA gene, partial sequence","Candida auris","CTAACCCAACGTTAAGTTCAACTAAACAAAACATAAAACTTTCAACAACGGATCTCTTGGTTCTCGCATCGATGAAGAACGCAGCGAAATGCGATACGTAGTATGACTTGCAGACGTGAATCATCGAATCTTTGAACGCACATTGCGCCTTGGGGTATTCCCCAAGGCATGCCTGTTTGAGCGTGATGTCTTCTCACCAATCTTCGCGGTGGCGTTGCATTCACAAAATTACAGCTTGCACGAAAAAAATCTACGCTTTTTTTTTCGTTTTGTTGTCGCCTCAAATCAGGTAGGACTACCCGCTGAACTTAAGCATATCAATAAGCGGAGGAAAAAGGATCATTATTGAAGCTATTACAAACACTGATTTGGATTTTAAAACTAACCCAACGTTAAGTTCAACTAAACAAAACATAAAACTTTCAACAACGGATCTTTGGTTCTCGCATC","High resistance concern",450
"PV059330.1 Candidozyma auris isolate HR 36 internal transcribed spacer 1, partial sequence; 5.8S ribosomal RNA gene and internal transcribed spacer 2, complete sequence; and large subunit ribosomal RNA gene, partial sequence","Candida auris","CTAACCCAACGTTAAGTTCAACTAAACAAAACATAAAACTTTCAACAACGGATCTCTTGGTTCTCGCATCGATGAAGAACGCAGCGAAATGCGATACGTAGTATGACTTGCAGACGTGAATCATCGAATCTTTGAACGCACATTGCGCCTTGGGGTATTCCCCAAGGCATGCCTGTTTGAGCGTGATGTCTTCTCACCAATCTTCGCGGTGGCGTTGCATTCACAAAATTACAGCTTGCACGAAAAAAATCTACGCTTTTTTTTTCGTTTTGTTGTCGCCTCAAATCAGGTAGGACTACCCGCTGAACTTAAGCATATCAATAAGCGGAGGAAAAAGGATCATTATTGAAGCTATTACAAACACTGATTTGGATTTTAAAACTAACCCAACGTTAAGTTCAACTAAACAAAACATAAAAC","High resistance concern",420
"PV059355.1 Candidozyma auris isolate LPDDT CO-01 internal transcribed spacer 1, partial sequence; 5.8S ribosomal RNA gene and internal transcribed spacer 2, complete sequence; and large subunit ribosomal RNA gene, partial sequence","Candida auris","CTAACCCAACGTTAAGTTCAACTAAACAAAACATAAAACTTTCAACAACGGATCTCTTGGTTCTCGCATCGATGAAGAACGCAGCGAAATGCGATACGTAGTATGACTTGCAGACGTGAATCATCGAATCTTTGAACGCACATTGCGCCTTGGGGTATTCCCCAAGGCATGCCTGTTTGAGCGTGATGTCTTCTCACCAATCTTCGCGGTGGCGTTGCATTCACAAAATTACAGCTTGCACGAAAAAAATCTACGCTTTTTTTTTCGTTTTGTTGTCGCCTCAAATCAGGTAGGACTACCCGCTGAACTTAAGCATATCAATAAGCGGAGGAAAAAGGATCATTATTGAAGCTATTACAAACACTGATTTGGATTTTAAAACTAACCCAACGTTAAGTTCAACTAAAC","High resistance concern",408
"PV059308.1 Candidozyma auris isolate HR 13 internal transcribed spacer 1, partial sequence; 5.8S ribosomal RNA gene and internal transcribed spacer 2, complete sequence; and large subunit ribosomal RNA gene, partial sequence","Candida auris","CTGATTTGGATTTTAAAACTAACCCAACGTTAAGTTCAACTAAACAAAACATAAAACTTTCAACAACGGATCTCTTGGTTCTCGCATCGATGAAGAACGCAGCGAAATGCGATACGTAGTATGACTTGCAGACGTGAATCATCGAATCTTTGAACGCACATTGCGCCTTGGGGTATTCCCCAAGGCATGCCTGTTTGAGCGTGATGTCTTCTCACCAATCTTCGCGGTGGCGTTGCATTCACAAAATTACAGCTTGCACGAAAAAAATCTACGCTTTTTTTTTCGTTTTGTTGTCGCCTCAAATCAGGTAGGACTACCCGCTGAACTTAAGCATATCAATAAGCGGAGGAAAAGGATCATTATTGAAGCTATTACAAACACTGATTTGGATTTTAAAACTAACCCAACGTTAAGTTCAACTAAACAAAACATAAAAC","High resistance concern",437
"PV059343.1 Candidozyma auris isolate HTRI 03 internal transcribed spacer 1, partial sequence; 5.8S ribosomal RNA gene and internal transcribed spacer 2, complete sequence; and large subunit ribosomal RNA gene, partial sequence","Candida auris","GATTTGGATTTTAAAACTAACCCAACGTTAAGTTCAACTAAACAAAACATAAAACTTTCAACAACGGATCTCTTGGTTCTCGCATCGATGAAGAACGCAGCGAAATGCGATACGTAGTATGACTTGCAGACGTGAATCATCGAATCTTTGAACGCACATTGCGCCTTGGGGTATTCCCCAAGGCATGCCTGTTTGAGCGTGATGTCTTCTCACCAATCTTCGCGGTGGCGTTGCATTCACAAAATTACAGCTTGCACGAAAAAAATCTACGCTTTTTTTTTCGTTTTGTTGTCGCCTCAAATCAGGTAGGACTACCCGCTGAACTTAAGCATATCAATAAGCGGAGGAAAAAGGATCATTATTGAAGCTATTACAAACACTGATTTGGATTTTAAAACTAACCCAACGTTAAGTTCAACTAAACAAAACATAAAACTTTCAACAACGGATCTCTTGGTTC","High resistance concern",460
"PV059318.1 Candidozyma auris isolate HR 25 internal transcribed spacer 1, partial sequence; 5.8S ribosomal RNA gene and internal transcribed spacer 2, complete sequence; and large subunit ribosomal RNA gene, partial sequence","Candida auris","CAAACACTGATTTGGATTTTAAAACTAACCCAACGTTAAGTTCAACTAAACAAAACATAAAACTTTCAACAACGGATCTCTTGGTTCTCGCATCGATGAAGAACGCAGCGAAATGCGATACGTAGTATGACTTGCAGACGTGAATCATCGAATCTTTGAACGCACATTGCGCCTTGGGGTATTCCCCAAGGCATGCCTGTTTGAGCGTGATGTCTTCTCACCAATCTTCGCGGTGGCGTTGCATTCACAAAATTACAGCTTGCACGAAAAAAATCTACGCTTTTTTTTTCGTTTTGTTGTCGCCTCAAATCAGGTAGGACTACCCGCTGAACTTAAGCATATCAATAAGCGGAGGAAAAGGATCATTATTGAAGCTATTACAAACACTGATTTGGATTTTAAAACTAACCCAACGTTAAGTTCAACTAAACAAAACATAAAAC","High resistance concern",443
"PV059348.1 Candidozyma auris isolate HTRI AMB 01 internal transcribed spacer 1, partial sequence; 5.8S ribosomal RNA gene and internal transcribed spacer 2, complete sequence; and large subunit ribosomal RNA gene, partial sequence","Candida auris","CTAACCCAACGTTAAGTTCAACTAAACAAAACATAAAACTTTCAACAACGGATCTCTTGGTTCTCGCATCGATGAAGAACGCAGCGAAATGCGATACGTAGTATGACTTGCAGACGTGAATCATCGAATCTTTGAACGCACATTGCGCCTTGGGGTATTCCCCAAGGCATGCCTGTTTGAGCGTGATGTCTTCTCACCAATCTTCGCGGTGGCGTTGCATTCACAAAATTACAGCTTGCACGAAAAAAATCTACGCTTTTTTTTTCGTTTTGTTGTCGCCTCAAATCAGGTAGGACTACCCGCTGAACTTAAGCATATCAATAAGCGGAGGAAAAAGGATCATTATTGAAGCTATTACAAACACTGATTTGGATTTTAAAACTAACCCAACGTTAAGTTCAACTAAACAAAACATAAAACTTTCAACAACGGATCTCT","High resistance concern",438
"PV059345.1 Candidozyma auris isolate HTRI 04 internal transcribed spacer 1, partial sequence; 5.8S ribosomal RNA gene and internal transcribed spacer 2, complete sequence; and large subunit ribosomal RNA gene, partial sequence","Candida auris","CTGATTTGGATTTTAAAACTAACCCAACGTTAAGTTCAACTAAACAAAACATAAAACTTTCAACAACGGATCTCTTGGTTCTCGCATCGATGAAGAACGCAGCGAAATGCGATACGTAGTATGACTTGCAGACGTGAATCATCGAATCTTTGAACGCACATTGCGCCTTGGGGTATTCCCCAAGGCATGCCTGTTTGAGCGTGATGTCTTCTCACCAATCTTCGCGGTGGCGTTGCATTCACAAAATTACAGCTTGCACGAAAAAAATCTACGCTTTTTTTTTCGTTTTGTTGTCGCCTCAAATCAGGTAGGACTACCCGCTGAACTTAAGCATATCAATAAGCGGAGGAAAAAGGATCATTATTGAAGCTATTACAAACACTGATTTGGATTTTAAAACTAACCCAACGTTAAGTTCAACTAAACAAAACATAAAACTTTCAACAACGGATCTCTTGGTTCTCCATCG","High resistance concern",469
"PX103761.1 Nakaseomyces glabratus isolate cn24 internal transcribed spacer 1, partial sequence; 5.8S ribosomal RNA gene, complete sequence; and internal transcribed spacer 2, partial sequence","Candida glabrata","GGGGAGGACCAGTGTAGACACTCAGGAGGTTCCTAAAATATTTTCTCTGCTGTGAATGCCATTTCTCCTGCCTGCGCTTAAGTGCGCGGTTGGTGGGTGTTCTGCAGTGGGGGGAGGGAGCCGACAAAGACCTGGGAGTGTGCGTGGATCTCTCTATTCCAAAGGAGGTGTTTTATCACACGACTCGACACTTTCTAATTACTACACACAGTGGAGTTTACTTTACTACTATTCTTTTGTTCGTTGGGGGAAAGCTCTCTTTCGGGAGGGAGTTCTCCCAGTGGATGCAAACACAAACAAATATTTTTTTAAACTAATTCAGTCAACACAAGATTTCTTTTAGTAGAAAACAACTTCAAAACTTTCAACAATGGATCTCTTGGTTCTCGCATCGATGAAGAACGCAGCGAAATGCGATACGTAATGTGAATTGCAGAATTCCGTGAATCATCGAATCTTTGAACGCACATTGCGCCCTCTGGTATTCCGGGGGGCATGCCTGTTTGAGCGTCATTTCCTTCTCAAACACATTGTTTGGTAGTGAGTGATACTCTCGTTTTTGAGTTAACTTGAAATTGTAGGCCATATCAGTATGTGGGACACGAGCGCAAGCTTCTCTATTAATCTGCTGCTCGTTTGCGCGAGCGGCGGGGGTTAATACTGTATTAGGTTTTACCAACTCGGTGTTGATCTAGGGAGGATAAGTGAGTGTTCTGTGCG","High resistance concern",720
"PX107540.1 Nakaseomyces glabratus isolate RCB6 internal transcribed spacer 1, partial sequence; 5.8S ribosomal RNA gene, complete sequence; and internal transcribed spacer 2, partial sequence","Candida glabrata","GCTTAAGTGCGCGGTTGGTGGGTGTTCTGCAGTGGGGGGAGGGAGCCGACAAAGACCTGGGAGTGTGCGTGGATCTCTCTATTCCAAAGGAGGTGTTTTATCACACGACTCGACACTTTCTAATTACTACACACAGTGGAGTTTACTTTACTACTATTCTTTTGTTCGTTGGGGGAAAGCTCTCTTTCGGGGGGGAGTTCTCCCAGTGGATGCAAACACAAACAATTTTTTAAACTAATTCAGTCAACACAAGATTTCTTTTAGTAGAAAACAACTTCAAAACTTTCAACAATGGATCTCTTGGTTCTCGCATCGATGAAGAACGCAGCGAAATGCGATACGTAATGTGAATTGCAGAATTCCGTGAATCATCGAATCTTTGAACGCACATTGCGCCCTCTGGTATTCCGGGGGGCATGCCTGTTTGAGCGTCATTTCCTTCTCAAACACGTTGTGTTTGGTAGTGAGTGATACTCTCGTTTTTGAGTTAACTTGAAATTGTAGGCCATATCAGTATGTGGGACACGAGCGCAAGCTTCTCTATTAATCTGCTGCTCGTTTGCGCGAGCGGCGGGGGTT","High resistance concern",579
"PX107542.1 Nakaseomyces glabratus isolate RCB8 internal transcribed spacer 1, partial sequence; 5.8S ribosomal RNA gene, complete sequence; and internal transcribed spacer 2, partial sequence","Candida glabrata","GTGCGCGGTTGGTGGGTGTTCTGCAGTGGGGGGAGGGAGCCGACAAAGACCTGGGAGTGTGCGTGGATCTCTCTATTCCAAAGGAGGTGTTTTATCACACGAACACTTTCTAATTACTACACACAGTGGAGTTTACTTTACTACTATTCTTTTGTTCGTTGGGGGAACGCTCTCTTTCGGGGGGGAGTTCTCCCAGTGGATGCAAACACAAACAAATATTTTTTTAAAATAATTCAGTCAACACAAGATTTCTTTTAGTAAAAAACAACTTCAAAACTTTCAACAATGGATCTCTTGGTTCTCGCATCGATGAAAAACGCAGCGAAATGCGATACGTAATGTGAATTGCAAAATTCCGTCGAATCTTTGAACGCACATTGCGCCCTCTGGTATTCCGGGGGGCATGCCTGTTTGAGCGTCATTTCCTTCTCAAACACGTTGTGTTTGGTAGTGAGTGATACTCTCGTTTTTGAGTTAACTTGAAATTGTAGGCCATATCAGTATGTGGGACACGA","High resistance concern",515
"PQ047143.1 Nakaseomyces glabratus isolate AKU134 internal transcribed spacer 1 and 5.8S ribosomal RNA gene, partial sequence","Candida glabrata","AGACAGTCCTCCTTTTTTGGAGTGTGGGGGGGTGATGCTTGCTTGAAATTGACCCCCCATTCTATTCCCAGATATGCTGCCCCCCCAAAAAAACAACCGTGCTGCTGGAAGAATCGACGAGGAGGGAGCCGACAAAGACCTGGGAGTGTGCGTGGATCTCTCTATTCCAAAGGAGGTGTTTTATCCCACGACTCCACCCTTTCTAATTACTACACACAGTGGAGTTTACTTTACTACTATTCTTTTGTTCGTTGGGGGAAAGCTCTCTTTCGGGAGGGAATTCTCCCAGGGGATGCAAACACAAACAAATATTTTTTTAAACTAATTCAGTCCACACAGGATTTCTTTTAATAAAAAACAACCTCCAAACTTTCCACAATGGATCTCTTGGTTCTCCTCTCGATGAAAAACCCACCCAAATGCCATACGTATGGGGAAATGCAAAATTCCCTGAATCATCAAATCTTTTGAAGCCCCTTGCGCCCTCTGGTATTTCCGGGGGGATGCCTGGTTGAGCATCAT","High resistance concern",522
"PX103096.1 Nakaseomyces glabratus strain HHM-Erbil-2025-09 internal transcribed spacer 1, partial sequence; 5.8S ribosomal RNA gene, complete sequence; and internal transcribed spacer 2, partial sequence","Candida glabrata","TTTTGTTCGTTGGGGGAACGCTCTCTTTCGGGGGGGGAGTTCTCCCAGTGGATGCAAACACAAACAAATATTTTTTTAAACTAATTCAGTCAACACAAGATTTCTTTTAGTAGAAAACAACTTCAAAACTTTCAACAATGGATCTCTTGGTTCTCGCATCGATGAAGAACGCAGCGAAATGCGATACGTAATGTGAATTGCAGAATTCCGTGAATCATCGAATCTTTGAACGCACATTGCGCCCTCTGGTATTCCGGGGGGCATGCCTGTTTGAGCGTCATTTCCTTCTCAAACACATTGTGTTTGGTAGTGAGTGATACTCTCGTTTTTGAGTTAACTTGAAATTGTAGGCCATATCAGTATGTGGGACACGAGCGCAAGCTTCTCTATTAATCTGCTGCTCGTTTGCGCGAGCGGCGGGGGTTAATACTGTATTAGGTTTTACCAACTCGGTGTTGATCTAGGGAGGGATAAGTGAGTGTTCTGTGCGTGCTGGGCAGACAGACGTCTTTAAGTTGACCTCAAATCA","High resistance concern",529
"PQ047144.1 Nakaseomyces glabratus isolate AKU35 internal transcribed spacer 1, partial sequence; 5.8S ribosomal RNA gene, complete sequence; and internal transcribed spacer 2, partial sequence","Candida glabrata","GTTCGGGGGGGGAGTTCTCCCAGAGGATGCAAACACAAACAAATATTTTTTTAAAATAATTCAGTCAACACCAGATTTCTTTTAGTAGAAAACAACTTCAAAACTTTCAACAATGGATCTCTTGGTTCTCGCATCGATGAAGAACGCAGCGAAATGCGATACGTAATGTGAATTGCAGAATTCCGTGAATCATCGAATCTTTGAAAGCACATTGCGCCCTATGATATTCCGGGGGGCATGCCTGTTTGAGCGTCATTTCCTTCTCAAACACGTTGTGTTTGGTAGTGAGTGATACTCTCGTTTTTGAGTTAACTTGAAATTGGAGGCCATATCAGTATGTGGGACACGAGCGCAAGCTTCTCTATTAATCTGCTGCTCGTTTACGCGAGCGGCGGGGGATAAGGGGGTATTAGGTTTTACCAACTCGGTGATGATCTCCCGCCCCAAAGTGACTCTTTTCCCGTCCTGGCAGACAGACGTCTTTAAGTTGA","High resistance concern",491
"LC902932.1 Nakaseomyces glabratus 55 genes for 18S rRNA, ITS1, 5.8S rRNA, ITS2, 28S rRNA, partial and complete sequence","Candida glabrata","ATTTAATTGATTTGTCTGAGCTCGGAGAGAGACATCTCTGGGGAGGACCAGTGTAGACACTCAGGAGGCTCCTAAAATATTTTCTCTGCTGTGAATGCTATTTCTCCTGCCTGCGCTTAAGTGCGCGGTTGGTGGGTGTTCTGCAGTGGGGGGAGGGAGCCGACAAAGACCTGGGAGTGTGCGTGGATCTCTCTATTCCAAAGGAGGTGTTTTATCACACGACTCGACACTTTCTAATTACTACACACAGTGGAGTTTACTTTACTACTATTCTTTTGTTCGTTGGGGGAACGCTCTCTTTCGGGGGGGAGTTCTCCCAGTGGATGCAAACACAAACAAATATTTTTTTAAACTAATTCAGTCAACACAAGATTTCTTTTAGTAGAAAACAACTTCAAAACTTTCAACAATGGATCTCTTGGTTCTCGCATCGATGAAGAACGCAGCGAAATGCGATACGTAATGTGAATTGCAGAATTCCGTGAATCATCGAATCTTTGAACGCACATTGCGCCCTCTGGTATTCCGGGGGGCATGCCTGTTTGAGCGTCATTTCCTTCTCAAACACATTGTGTTTGGTAGTGAGTGATACTCTCGTTTTTGAGTTAACTTGAAATTGTAGGCCATATCAGTATGTGGGACACGAGCGCAAGCTTCTCTATTAATCTGCTGCTCGTTTGCGCGAGCGGCGGGGGTTAATACTGTATTAGGTTTTACCAACTCGGTGTTGATCTAGG","High resistance concern",737
"PX498616.1 Nakaseomyces glabratus isolate 4_S internal transcribed spacer 1 and 5.8S ribosomal RNA gene, partial sequence","Candida glabrata","GATTTGTCTGAGCTCGGAGAGAGACATCTCTGGGGAGGACCAGTGTAGACACTCAGGAGGCTCCTAAAATATTTTCTCTGCTGTGAATGCTATTTCTCCTGCCTGCGCTTAAGTGCGCGGTTGGTGGGTGTTCTGCAGTGGGGGGAGGGAGCCGACAAAGACCTGGGAGTGTGCGTGGATCTCTCTATTCCAAAGGAGGTGTTTTATCACACGACTCGACACTTTCTAATTACTACACACAGTGGAGTTTACTTTACTACTATTCTTTTGTTCGTTGGGGGAACGCTCTCTTTCGGGGGGGAGTTCTCCCAGTGGATGCAAACACAAACAAATATTTTTTTAAAATAATTCAGTCAACACAAGATTTCTTTTAGTAAAAAACAACTTCAAAACTTTCAACAATGGATCTCTTGGTTCTCGCATCGATGAAGAACGCAGCGAAATGCGATACGTAATGTGAATTGCAGAATTCCGTGAATCATCGAATCTTTGAACGCACATTGCGCCCTCTGGTATTCCGGGGGGCATGCCTGTTTGAGCGTC","High resistance concern",543
"PX442083.1 Nakaseomyces glabratus isolate PhYI209 internal transcribed spacer 1, partial sequence; 5.8S ribosomal RNA gene, complete sequence; and internal transcribed spacer 2, partial sequence","Candida glabrata","ATCTCTGGGGAGGACCAGTGTAGACACTCAGGAGGTTCCTAAAATATTTTCTCTGCTGTGAATGCCATTTCTCCTGCCTGCGCTTAAGTGCGCGGTTGGTGGGTGTTCTGCAGTGGGGGGAGGGAGCCGACAAAGACCTGGGAGTGTGCGTGGATCTCTCTATTCCAAAGGAGGTGTTTTATCACACGACTCGACACTTTCTAATTACTACACACAGTGGAGTTTACTTTACTACTATTCTTTTGTTCGTTGGGGGAAAGCTCTCTTTCGGGAGGGAGTTCTCCCAGTGGATGCAAACACAAACAAATATTTTTTTAAACTAATTCAGTCAACACAAGATTTCTTTTAGTAGAAAACAACTTCAAAACTTTCAACAATGGATCTCTTGGTTCTCGCATCGATGAAGAACGCAGCGAAATGCGATACGTAATGTGAATTGCAGAATTCCGTGAATCATCGAATCTTTGAACGCACATTGCGCCCTCTGGTATTCCGGGGGGCATGCCTGTTTGAGCGTCATTTCCTTCTCAAACACATTGTGTTTGGTAGTGAGTGATACTCTCGTTTTTGAGTTAACTTGAAATTGTAGGCCATATCAGTATGTGGGACACGAGCGCAAGCTTCTCTATTAATCTGCTGCTCGTTTGCGCGAGCGGCGGGGGTTAATACTGTATTAGGTTTTACCAACTCGGTGTTGATCTAGGGAGGGATAAGTGAGTGTTCTGTGCGTGCTGGGCAGACAGACGTCTTTAAGTTTGACCTCAAATC","High resistance concern",768
"PX107543.1 Nakaseomyces glabratus isolate RCB9 internal transcribed spacer 1, partial sequence; 5.8S ribosomal RNA gene, complete sequence; and internal transcribed spacer 2, partial sequence","Candida glabrata","GCGCTTAAGTGCGCGGTTGGTGGGTGTTCTGCAGTGGGGGGAGGGAGCCGACAAAGACCTGGGAGTGCGTGGATCTCTCTATTCCAAAGGAGGTGTTTTATCACACGACTCGACACTTTCTAATTACTACACACAGTGGAGTTTACTTTACTACTATTCTTTTGTTCGTTGGGGGAAAGCTCTCTTTCGGGGGGGAGTTCTCCCAGTGGATGCAAACACAAACAAATATTTTTTTAAACTAATTCAGTCAACACAAGATTTCTTTTAGTAGAAAACAACTTCAAAACTTTCAACAATGGATCTCTTGGTTCTCGCATCGATGAAGAACGCAGCGAAATGCGATACGTAATGTGAATTGCAGAATTCCGTGAATCATCGAATCTTTGAACGCACATTGCGCCCTCTGGTATTCCGGGGGGCATGCCTGTTTGAGCGTCATTTCCTTCTCAAACACGTTGTGTTTGGTAGTGAGTGATACTCTCGTTTTTGAGTTAACTTGAAAGGCCATATCAGTATGTGGGACACGAGCGCAAGCTTCTCTATTAATCTGCTGCTCGTTTGCGCGAGCGGCGGGGGTTAATACTGTAT","High resistance concern",588
"PX107539.1 Nakaseomyces glabratus isolate RCB5 internal transcribed spacer 1, partial sequence; 5.8S ribosomal RNA gene, complete sequence; and internal transcribed spacer 2, partial sequence","Candida glabrata","TTGATTTGTCTGAGCTCGGAGAGAGACATCTCTGGGGAGGACCAGTGTAGACACTCAGGAGGCTCCTAAAATATTTTCTCTGCTGTGAATGCTATTTCTCCTGCCTGCGCTTAAGTGCGCGGTTGGTGGGTGTTCTGCAGTGGGGGGAGGGAGCCGACAAAGACCTGGGAGTGTGCGTGGATCTCTCTATTCCAAAGGAGGTGTTTTATCACACGACTCGACACTTTCTAATTACTACACACAGTGGAGTTTACTTTACTACTATTCTTTTGTTCGTTGGGGGAACGCTCTCTTTCGGGAGGGAGTTCTCCCAGTGGATGCAAACACAAACAAATATTTTTTTAAACTAATTCAGTCAACACAAGATTTCTTTTAGTAGAAAACAACTTCAAAACTTTCAACAATGGATCTCTTGGTTCTCGCATCGATGAAGAACGCAGCGAAATGCGATACGTAATGTGAATTGCAGAATTCCGTGAATCATCGAATCTTTGAACGCACATTGCGCCCTCTGGTATTCCGGGGGGCATGCCTGTTTGAGCGTCATTTCCTTCTCAAACACGTTGTGTTTGGTAGTGAGTGATACTCTCGTTTTTGAGTTAACTTGAAATTGTAGGCCATATCAGTATGTGGGACACGAGCGCAAGCTTCTCTATTAATCTGCTGCTCGTTTGCGCGAGCGGCGGGGGTTAATACTGTATTAGGTTTTACCAACTCGGTGTTGATCTAGGGAGGGATAAGTGAGTGTTTTGTGCGTGCTGGGCAGACAGACGTCTTTAAGTTNGACCTCAAATCAGGT","High resistance concern",799
"PX107541.1 Nakaseomyces glabratus isolate RCB7 internal transcribed spacer 1, partial sequence; 5.8S ribosomal RNA gene, complete sequence; and internal transcribed spacer 2, partial sequence","Candida glabrata","ACACAGTGGAGTTTACTTTACTACTATTCTTTTGTTCGTTGGGGGAAAGCTCTCTTTCGGGGGGGAGTTCTCCCAGTGGATGCAAACACAAACAAATATTTTTTTAAACTAATTCAGTCAACACAAGATTTCTTTTAGTAGAAAACAACTTCAAAACTTTCAACAATGGATCTCTTGGTTCTCGCATCGATGAAGAACGCAGCGAAATGCGTAATGTGAATTGCAGAATTCCGTGAATCATCGAATCTTTGAACGCACATTGCGCCCTCTGGTATTCCGGGGGGCATGCCTGTTTGAGCGTCATTTCCTTCTCAAACACGTTGTGTTTGGTAGTGAGTGATACTCTCGTTTTTGAGTTAACTTGAAATTGTAGGCCATATCAGTATGTGGGACACGAGCGCAAGCTTCTCTATTAACTGCTCGTTTGCGCGAGCGGCGGGGGTTAATACTGTATTAGGTTTTACCAACTCGGTGTTGATCTAGGGAGGGATAAGTGAGTGTTTTGTGCGTGCTGGGCAGAC","High resistance concern",521
"PX103760.1 Nakaseomyces glabratus isolate cn23 internal transcribed spacer 1, partial sequence; 5.8S ribosomal RNA gene, complete sequence; and internal transcribed spacer 2, partial sequence","Candida glabrata","ATATTTTCTCTGCTGTGAATGCTATTTCTCCTGCCTGCGCTTAAGTGCGCGGTTGGTGGGTGTTCTGCAGTGGGGGGAGGGAGCCGACAAAGACCTGGGAGTGTGCGTGGATCTCTCTATTCCAAAGGAGGTGTTTTATCACACGACTCGACACTTTCTAATTACTACACACAGTGGAGTTTACTTTACTACTATTCTTTTGTTCGTTGGGGGAACGCTCTCTTTCGGGGGGGAGTTCTCCCAGTGGATGCAAACACAAACAAATATTTTTTTAAACTAATTCAGTCAACACAAGATTTCTTTTAGTAGAAAACAACTTCAAAACTTTCAACAATGGATCTCTTGGTTCTCGCATCGATGAAGAACGCAGCGAAATGCGATACGTAATGTGAATTGCAGAATTCCGTGAATCATCGAATCTTTGAACGCACATTGCGCCCTCTGGTATTCCGGGGGGCATGCCTGTTTGAGCGTCATTTCCTTCTCAAACACATTGTGTTTGGTAGTGAGTGATACTCTCGTTTTTGAGTTAACTTGAAATTGTAGGCCATATCAGTATGTGGGACACGAGCGCAAGCTTCTCTATTAATCTGCTGCTCGTTTGCGCGAGCGGCGGGGGTTAATACTGTATTAGGTTTTACCAACTGGTGTTGATCTAGGGAGGGATAAGTGAGT","High resistance concern",675
"PX103092.1 Nakaseomyces glabratus strain HHM-Erbil-2025-05 internal transcribed spacer 1, partial sequence; 5.8S ribosomal RNA gene, complete sequence; and internal transcribed spacer 2, partial sequence","Candida glabrata","TTCTTTTGTTCGTTGGGGGAACGCTCTCTTTCGGGGGGGAGTTCTCCCAGTGGATGCAAACACAAACAAATATTTTTTTAAACTAATTCAGTCAACACAAGATTTCTTTTAGTAGAAAACAACTTCAAAACTTTCAACAATGGATCTCTTGGTTCTCGCATCGATGAAGAACGCAGCGAAATGCGATACGTAATGTGAATTGCAGAATTCCGTGAATCATCGAATCTTTGAACGCACATTGCGCCCTCTGGTATTCCGGGGGGCATGCCTGTTTGAGCGTCATTTCCTTCTCAAACACATTGTGTTTGGTAGTGAGTGATACTCTCGTTTTTGAGTTAACTTGAAATTGTAGGCCATATCAGTATGTGGGACACGAGCGCAAGCTTCTCTATTAATCTGCTGCTCGTTTGCGCGAGCGGCGGGGGTTAATACTGTATTAGGTTTTACCAACTCGGTGTTGATCTAGGGAGGGATAAGTGAGTGTTTTGTGCGTGCTGGGCAGACAGACGTCTTTAAGTTGACCTCAAA","High resistance concern",528
"PX232469.1 Pichia kudriavzevii isolate IG2A small subunit ribosomal RNA gene, partial sequence; internal transcribed spacer 1, 5.8S ribosomal RNA gene, and internal transcribed spacer 2, complete sequence; and large subunit ribosomal RNA gene, partial sequence","Candida krusei","TTKGTCATTTAGAGGAAGTAAAAGTCGTAACAAGGTTTCCGTAGGTGAACCTGCGGAAGGATCATTACTGTGATTTAGTACTACACTGCGTGAGCGGAACGAAAACAACAACACCTAAAATGTGGAATATAGCATATAGTCGACAAGAGAAATCTACGAAAACGAAAAACTTTCAACAACGGATCTCTTGGTTCTCGCATCGATGAAGAGCGCAGCGAAATGCGATACCTAGTGTGAATTGCAGCCATCGTGAATCATCGAGTTCTTGAACGCACATTGCGCCCCTCGGCATTCCGGGGGGCATGCCTGTTTGAGCGTCGTTTCCATCTTGCGCGTGCGCAGAGTTGGGGGAGCGGAGCGGACGACGTGTAAAGAGCGTCGGAGCTGCGACTCGCCTGAAAGGGAGCGAAGCTGGCCGAGCGAACTAGACTTTTTTTCAGGGACGCTTGGCGGCCGAGAGCGAGTGTTGCGAGACAACAAAAAGCTCGACCT","High resistance concern",492
"PX107642.1 Pichia kudriavzevii isolate RCB112 small subunit ribosomal RNA gene, partial sequence; internal transcribed spacer 1 and 5.8S ribosomal RNA gene, complete sequence; and internal transcribed spacer 2, partial sequence","Candida krusei","TGGAAGTAAAAGTCGTAACAAGGTTTCCGTAGGTGAACCTGCGGAAGGATCATTACTGTGATTTACTACTACACTGCGTGAGCGGAACGAAAACAACAACACCTAAAATGTGGAATATAGCATATAGTCGACAAGAGAAATCTACGAAAAACAAACAAAACTTTCAACAACGGATCTCTTGGTTCTCGCATCGATGAAGAGCGCAGCGAAATGCGATACCTAGTGTGAATTGCAGCCATCGTGAATCATCGAGTTCTTGAACGCACATTGCGCCCCTCGATTCCGGGGGGCATGCCTGTTTGAGCGTCGTTTCCATCTTGCGCGTGCGCAGAGTTGGGGGAGCGGAGCGGACGACGTGTAAAGAGCGTCGGAGCTGCGACTCGCCTGAAAGGGAGCGAAGCTGGCCGAGCGAACTAGACTTTTTTTCAGGGACGCTTGGCGGCCGAGAGCGAGTGTTG","High resistance concern",458
"PX400304.1 Pichia kudriavzevii isolate SM1 small subunit ribosomal RNA gene, partial sequence; internal transcribed spacer 1, 5.8S ribosomal RNA gene, and internal transcribed spacer 2, complete sequence; and large subunit ribosomal RNA gene, partial sequence","Candida krusei","ATCCCATAGGTGAACCTGCGGAAGGATCATTACTGTGATTTAACATCTTCCACACGTGCGTGAGCGCAAGCAAAACACGAAAAAACTGTAGTACGAGAGTCAAAACAAACCAAAAAACAAAACTTTCAACAACGGATCTCTTGGTTCTCGCATCGATGAAGAGCGCAGCGAAATGCGATACCTAGTGTGAATTGCAGCCATCGTGAATCATCGAGTTCTTGAACGCACATTGCGCCCTCTGGTATTCCGGAGGGCATGCCTGTTTGAGCGTCGTTTCCTTCTTGCTTGCGAGCAGAAATGGGGGGGCCCTGGCATTGGGGCCGCCCTGAAAAGAAACGTTGCGGGCGAAGCGAACTATGAGTAGGACGCTTGGCCGCCGAACTTAATACATAAGCTCGACCTCAAATCAGGTAGAAATACCCGCTGAACTTAAGCATATCAATAAGCCCGGAGGGAA","High resistance concern",457
"PX232466.1 Pichia kudriavzevii isolate FL2A small subunit ribosomal RNA gene, partial sequence; internal transcribed spacer 1, 5.8S ribosomal RNA gene, and internal transcribed spacer 2, complete sequence; and large subunit ribosomal RNA gene, partial sequence","Candida krusei","TGACCTGCGGAGGWCATTACTGTGATTTACTACTACACTGCGTGAGCGGAACGAAAACAACAACACCTAAATGTGGAATATAGCATATAGTCGACAAGAGAAATCTACGAAAACGAAAAACTTTCAACAACGGATCTCTTGGTTCTCGCATCGATGAAGAGCGCAGCGAAATGCGATACCTAGTGTGAATTGCAGCCATCGTGAATCATCGAGTTCTTGAACGCACATTGCGCCCCTCGGCATTCCGGGGGGCATGCCTGTTTGAGCGTCGTTTCCATCTTGCGCGTGCGCAGAGTTGGGGGAGCGGAGCGGACGACGTGTAAAGAGCGTCGGAGCTGCGACTCGCCTGAAAGGGAGCGAAGCTGGCCGAGCGAACTAGACTTTTTTTCAGGGACGCTTGGCGGCCGAGAGCGAGTGTTGCGAGACAACAAAAAGCTCGACCTCAAATCAGGTAGGAATACCCGCTGAACTTAAGCATATCAATAAGGCGGAGG","High resistance concern",494
"PQ860541.1 Pichia kudriavzevii isolate 23 small subunit ribosomal RNA gene, partial sequence; internal transcribed spacer 1, 5.8S ribosomal RNA gene, and internal transcribed spacer 2, complete sequence; and large subunit ribosomal RNA gene, partial sequence","Candida krusei","GGGAATTAACGGGTTTCCAGTTAAGGGTTGGAACATGCGGCGAAGGATCATTACTGTTGATTTACTACTACACTGCGTGAGCGGAACGAAAACAACAACACCTAAAATGTGGAATATAGCATATAGTCGACAAGAGAAATCTACGAAAACGAAAAACTTTCAACAACGGATCTCTTGGTTCTCGCATCGATGAAGAGCGCAGCGAAATGCGATACCTAGTGTGAATTGCAGCCATCGTGAATCATCGAGTTCTTGAACGCACATTGCGCCCCTCGGCATTCCGGGGGGCATGCCTGTTTGAGCGTCGTTTCCATCTTGCGCGTGCGCCGAGTTGGGGGAGCGGAGCGGACGACGTGAAAGGAGCGTCGTGAGCTGCGATCTCGCCTTGAAAGGGTAGCGAAAGCTGGNTCGAGCTAACTAGGACTTTTTTTCAGGGACGCTTGTCGCGCCGAGAGCGAGTGTTGCGAGACAACAAAAAGTTCGGCCTCAAATCAGGTAGGAATACCGGTTGAACTTTAGCATATCAATAAG","High resistance concern",531
"PX578946.1 Pichia kudriavzevii strain AUMC 17057 small subunit ribosomal RNA gene, partial sequence; internal transcribed spacer 1, 5.8S ribosomal RNA gene, and internal transcribed spacer 2, complete sequence; and large subunit ribosomal RNA gene, partial sequence","Candida krusei","TGTAGGTGAAACCTGCGGAAGGATCATTACTGTGATTTACTACTACACTGCGTGAGCGGAACGAAAACAACAACACCTAAAATGTGGAATATAGCATATAGTCGACAAGAGAAATCTACGAAAAACAAACAAAACTTTCAACAACGGATCTCTTGGTTCTCGCATCGATGAAGAGCGCAGCGAAATGCGATACCTAGTGTGAATTGCAGCCATCGTGAATCATCGAGTTCTTGAACGCACATTGCGCCCCTCGGCATTCCGGGGGGCATGCCTGTTTGAGCGTCGTTTCCATCTTGCGCGTGCGCAGAGTTGGGGGAGCGGAGCGGACGACGTGTAAAGAGCGTCGGAGCTGCGACTCGCCTGAAAGGGAGCGAAGCTGGCCGAGCGAACTAGACTTTTTTTCAGGGACGCTTGGCGGCCGAGAGCGAGTGTTGCGAGACAACAAAAAGCTCGACCTCAAATCAGGTAGGAATACCCGCTGAACTTAAGCATATCAATAAGCGGAGGA","High resistance concern",508
"PX490527.1 Pichia kudriavzevii isolate ragi-139 small subunit ribosomal RNA gene, partial sequence; internal transcribed spacer 1, 5.8S ribosomal RNA gene, and internal transcribed spacer 2, complete sequence; and large subunit ribosomal RNA gene, partial sequence","Candida krusei","TGGAAGTAAAAAATCGTAACAAGGTTTCCGTAGGTGAACCTGCGGAAGGATCATTACTGTGATTTAGTACTACACTGCGTGAGCGGAACGAAAACAACAACACCTAAAATGTGGAATATAGCATATAGTCGACAAGAGAAATCTACGAAAAACAAACAAAACTTTCAACAACGGATCTCTTGGTTCTCGCATCGATGAAGAGCGCAGCGAAATGCGATACCTAGTGTGAATTGCAGCCATCGTGAATCATCGAGTTCTTGAACGCACATTGCGCCCCTCGGCATTCCGGGGGGCATGCCTGTTTGAGCGTCGTTTCCATCTTGCGCGTGCGCAGAGTTGGGGGAGCGGAGCGGACGACGTGTAAAGAGCGTCGGAGCTGCGACTCGCCTGAAAGGGAGCGAAGCTGGCCGAGCGAACTAGACTTTTTTTCAGGGACGCTTGGCGGCCGAGAGCGAGTGTTGCGAGACAACAAAAAGCTCGACCTCAAATCAGGTAGGAATACCCGCTGAACTTAAGCATATCAATAAGGCGGGAAGGAAG","High resistance concern",540
"PX471689.1 Pichia kudriavzevii clone Turkey strain CP5M1 internal transcribed spacer 1, partial sequence; 5.8S ribosomal RNA gene and internal transcribed spacer 2, complete sequence; and large subunit ribosomal RNA gene, partial sequence","Candida krusei","CTGCGTGAGCGGAACGAAAACAACAACACCTAAAATGTGGAATATAGCATATAGTCGACAAGAGAAATCTACGAAAAAACAAACAAAACTTTCAACAACGGATCTTTTGGTTCTCGCATCGATGAAGAGCGCAGCGAAATGCGATACCTAGTGTGAATTGCAGCCATCGTGAATCATCGAGTTCTTGAACGCACATTGCGCCCCTCGGCATTCCGGGGGGCATGCCTGTTTGAGCGTCGTTTCCATCTTGCGCGTGCGCAGAGTTGGGGGAGCGGAGCGGACGACGTGTAAAGAGCGTCGGAGCTGCGACTCGCCTGAAAGGGAGCGAAGCTGGCCGAGCGAACTAGACTTTTTTTCAGGGACGCTTGGCGGCCGAGAGCGAGTGTTGCGAGACAACAAAAGGCTCGACCTCAAATCAGGTGGGAATACCCGCTGAACTTAAGCATATCATTAAGCGGAGGA","High resistance concern",462
"PX471688.1 Pichia kudriavzevii clone Turkey strain CP1M3 internal transcribed spacer 1, partial sequence; 5.8S ribosomal RNA gene and internal transcribed spacer 2, complete sequence; and large subunit ribosomal RNA gene, partial sequence","Candida krusei","CTGCGTGAGCGGAACGAAAACAACAACACCTAAAATGTGGAATATAGCATATAGTCGACAAGAGAAATCTACGAAAAAACAAACAAAACTTTCAACAACGGATCTTTTGGTTCTCGCATCGATGAAGAGCGCAGCGAAATGCGATACCTAGTGTGAATTGCAGCCATCGTGAATCATCGAGTTCTTGAACGCACATTGCGCCCCTCGGCATTCCGGGGGGCATGCCTGTTTGAGCGTCGTTTCCATCTTGCGCGTGCGCAGAGTTGGGGGAGCGGAGCGGACGACGTGTAAAGAGCGTCGGAGCTGCGACTCGCCTGAAAGGGAGCGAAGCTGGCCGAGCGAACTAGACTTTTTTTCAGGGACGCTTGGCGGCCGAGAGCGAGTGTTGCGAGACAACAAAAGGCTCGACCTCAAATCAGGTGGGAATACCCGCTGAACTTAAGCATATCATTAAGCGGAGGA","High resistance concern",462
"PX436130.1 Pichia kudriavzevii isolate PhYI267 internal transcribed spacer 1, partial sequence; 5.8S ribosomal RNA gene and internal transcribed spacer 2, complete sequence; and large subunit ribosomal RNA gene, partial sequence","Candida krusei","CGGAACGAAAACAACAACACCTAAAATGTGGAATATAGCATATAGTCGACAAGAGAAATCTACGAAAAAACAAACAAAACTTTCAACAACGGATCTCTTGGTTCTCGCATCGATGAAGAGCGCAGCGAAATGCGATACCTAGTGTGAATTGCAGCCATCGTGAATCATCGAGTTCTTGAACGCACATTGCGCCCCTCGGCATTCCGGGGGGCATGCCTGTTTGAGCGTCGTTTCCATCTTGCGCGTGCGCAGAGTTGGGGGAGCGGAGCGGACGACGTGTAAAGAGCGTCGGAGCTGCGACTCGCCTGAAAGGGAGCGAAGCTGGCCGAGCGAACTAGACTTTTTTTCAGGGACGCTTGGCGGCCGAGAGCGAGTGTTGCGAGACAACAAAAAGCTCGACCTCAAATCAGGTAGGAATACCCGCTGAACTTAAGCATATC","High resistance concern",440
"PX232468.1 Pichia kudriavzevii isolate IG2 small subunit ribosomal RNA gene, partial sequence; internal transcribed spacer 1, 5.8S ribosomal RNA gene, and internal transcribed spacer 2, complete sequence; and large subunit ribosomal RNA gene, partial sequence","Candida krusei","GWGRACTGCGGAAGGWCATTACTGTGATTTASTACTACACTGCGTGAGCGGAACGAAAACAACAACACCTAAAATGTGGAATATAGCATATAGTCGACAAGAGAAATCTACGAAAACGAAAAACTTTCAACAACGGATCTCTTGGTTCTCGCATCGATGAAGAGCGCAGCGAAATGCGATACCTAGTGTGAATTGCAGCCATCGTGAATCATCGAGTTCTTGAACGCACATTGCGCCCCTCGGCATTCCGGGGGGCATGCCTGTTTGAGCGTCGTTTCCATCTTGCGCGTGCGCAGAGTTGGGGGAGCGGAGCGGACGACGTGTAAAGAGCGTCGGAGCTGCGACTCGCCTGAAAGGGAGCGAAGCTGGCCGAGCGAACTAGACTTTTTTTCAGGGACGCTTGGCGGCCGAGAGCGAGTGTTGCGAGACAACAAAAAGCTCGACCTCAAATCAGGTAGGAATACCCGCTGAACTTAAGCATATCAATAAGCGGAG","High resistance concern",495
"PX273914.1 Pichia kudriavzevii strain FKST internal transcribed spacer 1, partial sequence; 5.8S ribosomal RNA gene and internal transcribed spacer 2, complete sequence; and large subunit ribosomal RNA gene, partial sequence","Candida krusei","CTGAAACAACAACACCTAAAATGTGGAATATAGCATATAGTCGACAAGAGAAATCTAACGAAAAACAAACAAAACTTTCAACAACGGATCTTTTGGTTCTCGCATCGATGAAGAGCGCAGCGAAATGCGATACCTAGTGTGAATTGCAGCCATTGTGCATCGAGTTCTTGAACGCCCATTGCGCCCCTCGGCATTCCGGGGGGCATGCCTGTTTGAGCGTCGTTTCCATCTTGCGCGTGCGCAGAGTTGGGGGAGCGGAGCGGACGACGTGTAAAGAGCGTCGGACCTGCGACTCCCTGAAGACCGAAGCTGGCCGAGCGAACTAGACTTTTTTTCAGGGACGCTTGGCGGCCGAGAGCGAGTGTCGCGAGACAACAAAAAGCTCGACCTCAAATCGGTAGGAATACCCGCTGAACTTAAGCATATCAATAAGCGGAGGAAAACAATCAATCTATCCAGGTTGACCTCGGATCAGGTAGGGATACCCGCTGAACTTAAGCATATCAAAAGCGGAG","High resistance concern",515
"PX096457.1 Pichia kudriavzevii clone Turkey strain SY23 internal transcribed spacer 1, partial sequence; 5.8S ribosomal RNA gene and internal transcribed spacer 2, complete sequence; and large subunit ribosomal RNA gene, partial sequence","Candida krusei","TCCTGCGTGAGCGGAACGAAAACAACAACACCTAAAATGTGGAATATAGCATATAGTCGACAAGAGAAATCTACGAAAAAACAAACAAAACTTTCAACAACGGATCTTTTGGTTCTCGCATCGATGAAGAGCGCAGCGAAATGCGATACCTAGTGTGAATTGCAGCCATCGTGAATCATCGAGTTCTTGAACGCACATTGCGCCCCTCGGCATTCCGGGGGGCATGCCTGTTTGAGCGTCGTTTCCATCTTGCGCGTGCGCAGAGTTGGGGGAGCGGAGCGGACGACGTGTAAAGAGCGTCGGAGCTGCGACTCGCCTGAAAGGGAGCGAAGCTGGCCGAGCGAACTAGACTTTTTTTCAGGGACGCTTGGCGGCCGAGAGCGAGTGTTGCGAGACAACAAAAGGCTCGACCTCAAATCAGGTGGGAATACCCGCTGAACTTAAGCATATCATTAAGCGGAGG","High resistance concern",463
"PX421643.1 Pichia kudriavzevii isolate A140_ITS-1 internal transcribed spacer 1, partial sequence; 5.8S ribosomal RNA gene and internal transcribed spacer 2, complete sequence; and large subunit ribosomal RNA gene, partial sequence","Candida krusei","TAGGAATTTACTACACTGCGTGAGCGGAACGAAAACAACAACACCTAAAATGTGGAATATAGCATATAGCGACAAGAGAAATCTACGAAAAAACAAACAAAACTTTCAACAACGGATCTCTTGGTTCTCGCATCGATGAAGAGCGCAGCGAAATGCGATACCTAGTGTGAATTGCAGCCATCGTGAATCATCGAGTTCTTGAACGCACATTGCGCCCCTCGGCATTCCGGGGGGCATGCCTGTTTGAGCGTCGTTTCCATCTTGCGCGTGCGCAGAGTTGGGGGAGCGGAGCGGACGACGTGTAAAGAGCGTCGGAGCTGCGACTCGCCTGAAAGGGAGCGAAGCTGGCCGAGCGAACTAGACTTTTTTTCAGGGACGCTTGGCGGCCGAGAGCGAGTGTTGCGAGACAACAAAAAGCTCGACCTCAAATCAGGTAGGAATACCCGCTGAACTTAAGCATATCAATAAGCGGAGGAA","High resistance concern",477
"LC894476.1 Candida parapsilosis TWC-MHS1057 genes for 18S rRNA, ITS1, 5.8S rRNA, ITS2, 28S rRNA, partial and complete sequence","Candida parapsilosis","AAGGATCATTACAGAATGAAAAGTGCTTAACTGCATTTTTTCTTACACATGTGTTTTTCTTTTTTTGAAAACTTTGCTTTGGTAGGCCTTCTATATGGGGCCTGCCAGAGATTAAACTCAACCAAATTTTATTTAATGTCAACCGATTATTTAATAGTCAAAACTTTCAACAACGGATCTCTTGGTTCTCGCATCGATGAAGAACGCAGCGAAATGCGATAAGTAATATGAATTGCAGATATTCGTGAATCATCGAATCTTTGAACGCACATTGCGCCCTTTGGTATTCCAAAGGGCATGCCTGTTTGAGCGTCATTTCTCCCTCAAACCCTCGGGTTTGGTGTTGAGCGATACGCTGGGTTTGCTTGAAAGAAAGGCGGAGTATAAACTAATGGATAGGTTTTTTCCACTCATTGGTACAAACTCCAAAACTTCTTCCAAATTCGACCTCAAATCAGGTAGGACTACCCGCTGAACTTAA","Lower resistance concern",481
"PX452423.1 Candida parapsilosis isolate 366 small subunit ribosomal RNA gene, partial sequence; internal transcribed spacer 1, 5.8S ribosomal RNA gene, and internal transcribed spacer 2, complete sequence; and large subunit ribosomal RNA gene, partial sequence","Candida parapsilosis","CTCCTTCCGCCTGGTGAACCTGCGGAAGGATCATTACAGAATGAAAAGTGCTTAACTGCATTTTTTCTTACACATGTGTTTTTCTTTTTTTGAAAACTTTGCTTTGGTAGGCCTTCTATATGGGGCCTGCCAGAGATTAAACTCAACCAAATTTTATTTAATGTCAACCGATTATTTAATAGTCAAAACTTTCAACAACGGATCTCTTGGTTCTCGCATCGATGAAGAACGCAGCGAAATGCGATAAGTAATATGAATTGCAGATATTCGTGAATCATCGAATCTTTGAACGCACATTGCGCCCTTTGGTATTCCAAAGGGCATGCCTGTTTGAGCGTCATTTCTCCCTCAAACCCTCGGGTTTGGTGTTGAGCGATACGCTGGGTTTGCTTGAAAGAAAGGCGGAGTATAAACTAATGGATAGGTTTTTTCCACTCATTGGTACAAACTCCAAAACTTCTTCCAAATTCGACCTCAAATCAGGTAGGACTACCCGCTGAACTTAAGCATATCAATAAGCGGAGGAA","Lower resistance concern",527
"PX452416.1 Candida parapsilosis isolate 331 small subunit ribosomal RNA gene, partial sequence; internal transcribed spacer 1, 5.8S ribosomal RNA gene, and internal transcribed spacer 2, complete sequence; and large subunit ribosomal RNA gene, partial sequence","Candida parapsilosis","TCCTCTCTCCGTAGGGTGAACCTGCGGAAGGATCATTACAGAATGAAAAGTGCTTAACTGCATTTTTTCTTACACATGTGTTTTTCTTTTTTTGAAAACTTTGCTTTGGTAGGCCTTCTATATGGGGCCTGCCAGAGATTAAACTCAACCAAATTTTATTTAATGTCAACCGATTATTTAATAGTCAAAACTTTCAACAACGGATCTCTTGGTTCTCGCATCGATGAAGAACGCAGCGAAATGCGATAAGTAATATGAATTGCAGATATTCGTGAATCATCGAATCTTTGAACGCACATTGCGCCCTTTGGTATTCCAAAGGGCATGCCTGTTTGAGCGTCATTTCTCCCTCAAACCCTCGGGTTTGGTGTTGAGCGATACGCTGGGTTTGCTTGAAAGAAAGGCGGAGTATAAACTAATGGATAGGTTTTTTCCACTCATTGGTACAAACTCCAAAACTTCTTCCAAATTCGACCTCAAATCAGGTAGGACTACCCGCTGAACTTAAGCATATCAATAAGCGGAGGAA","Lower resistance concern",529
"LC894464.1 Candida parapsilosis TWC-MHS1046 genes for 18S rRNA, ITS1, 5.8S rRNA, ITS2, 28S rRNA, partial and complete sequence","Candida parapsilosis","AAGGATCATTACAGAATGAAAAGTGCTTAACTGCATTTTTTCTTACACATGTGTTTTTCTTTTTTTGAAAACTTTGCTTTGGTAGGCCTTCTATATGGGGCCTGCCAGAGATTAAACTCAACCAAATTTTATTTAATGTCAACCGATTATTTAATAGTCAAAACTTTCAACAACGGATCTCTTGGTTCTCGCATCGATGAAGAACGCAGCGAAATGCGATAAGTAATATGAATTGCAGATATTCGTGAATCATCGAATCTTTGAACGCACATTGCGCCCTTTGGTATTCCAAAGGGCATGCCTGTTTGAGCGTCATTTCTCCCTCAAACCCTCGGGTTTGGTGTTGAGCGATACGCTGGGTTTGCTTGAAAGAAAGGCGGAGTATAAACTAATGGATAGGTTTTTTCCACTCATTGGTACAAACTCCAAAACTTCTTCCAAATTCGACCTCAAATCAGGTAGGACTACCCGCTGAACTTAA","Lower resistance concern",481
"PX447827.1 Candida parapsilosis isolate DRRD 601 internal transcribed spacer 1, partial sequence; 5.8S ribosomal RNA gene and internal transcribed spacer 2, complete sequence; and large subunit ribosomal RNA gene, partial sequence","Candida parapsilosis","GAAGGATCATTACAGAATGAAAAGTGCTTAACTGCATTTTTTCTTACACATGTGTTTTTCTTTTTTTGAAAACTTTGCTTTGGTAGGCCTTCTATATGGGGCCTGCCAGAGATTAAACTCAACCAAATTTTATTTAATGTCAACCGATTATTTAATAGTCAAAACTTTCAACAACGGATCTCTTGGTTCTCGCATCGATGAAGAACGCAGCGAAATGCGATAAGTAATATGAATTGCAGATATTCGTGAATCATCGAATCTTTGAACGCACATTGCGCCCTTTGGTATTCCAAAGGGCATGCCTGTTTGAGCGTCATTTCTCCCTCAAACCCTCGGGTTTGGTGTTGAGCGATACGCTGGGTTTGCTTGAAAGAAAGGCGGAGTATAAACTAATGGATAGGTTTTTTCCACTCATTGGTACAAACTCCAAAACTTCTTCCAAATTCGACCTCAAATCAGGTAGGACTACCCGCTGAACTTAAGCATA","Lower resistance concern",487
"LC894459.1 Candida parapsilosis TWC-MHS1029 genes for 18S rRNA, ITS1, 5.8S rRNA, ITS2, 28S rRNA, partial and complete sequence","Candida parapsilosis","AAGGATCATTACAGAATGAAAAGTGCTTAACTGCATTTTTTCTTACACATGTGTTTTTCTTTTTTTGAAAACTTTGCTTTGGTAGGCCTTCTATATGGGGCCTGCCAGAGATTAAACTCAACCAAATTTTATTTAATGTCAACCGATTATTTAATAGTCAAAACTTTCAACAACGGATCTCTTGGTTCTCGCATCGATGAAGAACGCAGCGAAATGCGATAAGTAATATGAATTGCAGATATTCGTGAATCATCGAATCTTTGAACGCACATTGCGCCCTTTGGTATTCCAAAGGGCATGCCTGTTTGAGCGTCATTTCTCCCTCAAACCCTCGGGTTTGGTGTTGAGCGATACGCTGGGTTTGCTTGAAAGAAAGGCGGAGTATAAACTAATGGATAGGTTTTTTCCACTCATTGGTACAAACTCCAAAACTTCTTCCAAATTCGACCTCAAATCAGGTAGGACTACCCGCTGAACTTAA","Lower resistance concern",481
"PX457064.1 Candida parapsilosis isolate 335 small subunit ribosomal RNA gene, partial sequence; internal transcribed spacer 1, 5.8S ribosomal RNA gene, and internal transcribed spacer 2, complete sequence; and large subunit ribosomal RNA gene, partial sequence","Candida parapsilosis","CCTTCCGTAGGTGAACCTGCGGAAGGATCATTACAGAATGAAAAGTGCTTAACTGCATTTTTTCTTACACATGTGTTTTTCTTTTTTTGAAAACTTTGCTTTGGTAGGCCTTCTATATGGGGCCTGCCAGAGATTAAACTCAACCAAATTTTATTTAATGTCAACCGATTATTTAATAGTCAAAACTTTCAACAACGGATCTCTTGGTTCTCGCATCGATGAAGAACGCAGCGAAATGCGATAAGTAATATGAATTGCAGATATTCGTGAATCATCGAATCTTTGAACGCACATTGCGCCCTTTGGTATTCCAAAGGGCATGCCTGTTTGAGCGTCATTTCTCCCTCAAACCCTCGGGTTTGGTGTTGAGCGATACGCTGGGTTTGCTTGAAAGAAAGGCGGAGTATAAACTAATGGATAGGTTTTTTCCACTCATTGGTACAAACTCCAAAACTTCTTCCAAATTCGACCTCAAATCAGGTAGGACTACCCGCTGAACTTAAGCATATCAATAAGCGGAGGAAAAAGATCATTAC","Lower resistance concern",536
"PX107548.1 Candida parapsilosis isolate RCB16 internal transcribed spacer 1, partial sequence; 5.8S ribosomal RNA gene and internal transcribed spacer 2, complete sequence; and large subunit ribosomal RNA gene, partial sequence","Candida parapsilosis","AWCCTGCGGAAGGATCATTACAGAAATAGGAGAAGGTTGCTTAACTGCAATCCTTTTCTTTCTACACATGTGTTTTTCTTTTTTTTGAAAACTTTGCTTTGGTGGGCCCACGGCCTGCCAGAGATTAAACTCAACCAAATTTTTATTTAATTGTCAACTTGATTAACTAATAGTCAAAACTTTCAACAACGGATCTCTTGGTTCTCGCATCGATGAAGAACGCAGCGAAATGCGATAAGTAATATGAATTGCAGATATTCGTGAATCATCGAATCTTTGAACGCACATTGCGCCCTTTGGTATTCCAAAGGGCATGCCTGTTTGAGCGTCATTTCTCCCTCAAACCTTCGGGTTTGGTGTTGAGCGATACGCTGGGTTTGCTTGAAAGAAAGGCGGAGTATAAACTAATGGATAGGTTTTTTTTTTCCACTCATTGGTACAAACTCCAAACATTCTTCCAAATTCGACCTCAAATCAGGTMGGACTACCCGCTGAACTTAAGCATACAAAGGGGG","Lower resistance concern",515
"LC894460.1 Candida parapsilosis TWC-MHS1041 genes for 18S rRNA, ITS1, 5.8S rRNA, ITS2, 28S rRNA, partial and complete sequence","Candida parapsilosis","AAGGATCATTACAGAATGAAAAGTGCTTAACTGCATTTTTTCTTACACATGTGTTTTTCTTTTTTTGAAAACTTTGCTTTGGTAGGCCTTCTATATGGGGCCTGCCAGAGATTAAACTCAACCAAATTTTATTTAATGTCAACCGATTATTTAATAGTCAAAACTTTCAACAACGGATCTCTTGGTTCTCGCATCGATGAAGAACGCAGCGAAATGCGATAAGTAATATGAATTGCAGATATTCGTGAATCATCGAATCTTTGAACGCACATTGCGCCCTTTGGTATTCCAAAGGGCATGCCTGTTTGAGCGTCATTTCTCCCTCAAACCCTCGGGTTTGGTGTTGAGCGATACGCTGGGTTTGCTTGAAAGAAAGGCGGAGTATAAACTAATGGATAGGTTTTTTCCACTCATTGGTACAAACTCCAAAACTTCTTCCAAATTCGACCTCAAATCAGGTAGGACTACCCGCTGAACTTAA","Lower resistance concern",481
"PX491099.1 Candida parapsilosis strain Cpa9075X009 internal transcribed spacer 1, partial sequence; 5.8S ribosomal RNA gene and internal transcribed spacer 2, complete sequence; and large subunit ribosomal RNA gene, partial sequence","Candida parapsilosis","AGCTCCGGATGAAGTGCTTACTGCATTTTTTCTTACACATGTGTTTTTCTTTTTTTGAAAACTTTGCTTTGGTAGGCCTTCTATATGGGGCCTGCCAGAGATTAAACTCAACCAAATTTTATTTAATGTCAACCGATTATTTAATAGTCAAAACTTTCAACAACGGATCTCTTGGTTCTCGCATCGATGAAGAACGCAGCGAAATGCGATAAGTAATATGAATTGCAGATATTCGTGAATCATCGAATCTTTGAACGCACATTGCGCCCTTTGGTATTCCAAAGGGCATGCCTGTTTGAGCGTCATTTCTCCCTCAAACCCTCGGGTTTGGTGTTGAGCGATACGCTGGGTTTGCTTGAAAGAAAGGCGGAGTATAAACTAATGGATAGGTTTTTTCCACTCATTGGTACAAACTCCAAAACTTCTTCCAAATTCGACCTCAAATCAGGTAGGACTACCCGCTGAACTTAAGCATATCAAAAGG","Lower resistance concern",484
"PX107684.1 Candida parapsilosis isolate RCB159 internal transcribed spacer 1, partial sequence; 5.8S ribosomal RNA gene, complete sequence; and internal transcribed spacer 2, partial sequence","Candida parapsilosis","GCTTAACTGCATTTTTTCTTACACATGTGTTTTTCTTTTTTTGAAACTTTGCTTTGGTAGGCCTTCTATATGGGGCCTGCCAGAGATTAAACTCAACCAAATTTTATTTAATGTCAACCGATTATTTAATAGTCAAAACTTTCAACAACGGATCTCTTGGTTCTCGCATCGATGAAGAACGCAGCGAAATGCGATAAGTAATATGAATTGCAGATATTCGTGAATCATCGAATCTTTGAACGCACATTGCGCCCTTTGGTATTCCAAAGGGCATGCCTGTTTGAGCGTCATTTCTCCCTCAAACCCTCGGGTTTGGTGTTGAGCGATACGCTGGGTTTGCTTGAAAGAAAGGCGGAGTATAAACTAATGGATAGGTTTTTTCCACTCATTGGTACAAACTCCAAAACTTCTTCCAAATTCGACCTCAAATC","Lower resistance concern",431
"LC894449.1 Candida parapsilosis TWC-MHS1034 genes for 18S rRNA, ITS1, 5.8S rRNA, ITS2, 28S rRNA, partial and complete sequence","Candida parapsilosis","AAGGATCATTACAGAATGAAAAGTGCTTAACTGCATTTTTTCTTACACATGTGTTTTTCTTTTTTTGAAAACTTTGCTTTGGTAGGCCTTCTATATGGGGCCTGCCAGAGATTAAACTCAACCAAATTTTATTTAATGTCAACCGATTATTTAATAGTCAAAACTTTCAACAACGGATCTCTTGGTTCTCGCATCGATGAAGAACGCAGCGAAATGCGATAAGTAATATGAATTGCAGATATTCGTGAATCATCGAATCTTTGAACGCACATTGCGCCCTTTGGTATTCCAAAGGGCATGCCTGTTTGAGCGTCATTTCTCCCTCAAACCCTCGGGTTTGGTGTTGAGCGATACGCTGGGTTTGCTTGAAAGAAAGGCGGAGTATAAACTAATGGATAGGTTTTTTCCACTCATTGGTACAAACTCCAAAACTTCTTCCAAATTCGACCTCAAATCAGGTAGGACTACCCGCTGAACTTAA","Lower resistance concern",481
"LC894468.1 Candida parapsilosis TWC-MHS1050 genes for 18S rRNA, ITS1, 5.8S rRNA, ITS2, 28S rRNA, partial and complete sequence","Candida parapsilosis","AAGGATCATTACAGAATGAAAAGTGCTTAACTGCATTTTTTCTTACACATGTGTTTTTCTTTTTTTGAAAACTTTGCTTTGGTAGGCCTTCTATATGGGGCCTGCCAGAGATTAAACTCAACCAAATTTTATTTAATGTCAACCGATTATTTAATAGTCAAAACTTTCAACAACGGATCTCTTGGTTCTCGCATCGATGAAGAACGCAGCGAAATGCGATAAGTAATATGAATTGCAGATATTCGTGAATCATCGAATCTTTGAACGCACATTGCGCCCTTTGGTATTCCAAAGGGCATGCCTGTTTGAGCGTCATTTCTCCCTCAAACCCTCGGGTTTGGTGTTGAGCGATACGCTGGGTTTGCTTGAAAGAAAGGCGGAGTATAAACTAATGGATAGGTTTTTTCCACTCATTGGTACAAACTCCAAAACTTCTTCCAAATTCGACCTCAAATCAGGTAGGACTACCCGCTGAACTTAA","Lower resistance concern",481
"PX107605.1 Candida parapsilosis isolate RCB75 internal transcribed spacer 1, partial sequence; 5.8S ribosomal RNA gene, complete sequence; and internal transcribed spacer 2, partial sequence","Candida parapsilosis","CTGCATTTTTTCTTACACATGTGTTTTTCTTTTTTTGNAAACTTTGCTTTGGTAGGCCTTCTATATGGGGCCTGCCAGAGATTAAACTCAACCAAATTTTATTTAATGTCAACCGATTATTTAATAGTCAAAACTTTCAACAACGGATCTCTTGGTTCTCGCATCGATGAAGAACGCAGCGAAATGCGATAAGTAATATGAATTGCAGATATTCGTGAATCATCGAATCTTTGAACGCACATTGCGCCCTTTGGTATTCCAAAGGGCATGCCTGTTTGAGCGTCATTTCTCCCTCAAACCCTCGGGTTTGGTGTTGAGCGATACGCTGGGTTTGCTTGAAAGAAAGGCGGAGTATAAACTAATGGATAGGTTTTTTCCACTCATTGGTACAAACTNCCAAAACTTCTTCCCAATT","Lower resistance concern",415
"PX587985.1 Candida tropicalis isolate GMC56 internal transcribed spacer 1, partial sequence; 5.8S ribosomal RNA gene and internal transcribed spacer 2, complete sequence; and large subunit ribosomal RNA gene, partial sequence","Candida tropicalis","TTTGCTTATTGCACCACATGTGTTTTTTATTGAACAAATTTCTTTGGTGGCGGGAGCAATCCTACCGCCAGAGGTTATAACTAAACCAAACTTTTTATTTACAGTCAAACTTGATTTATTATTACAATAGTCAAAACTTTCAACAACGGATCTCTTGGTTCTCGCATCGATGAAGAACGCAGCGAAATGCGATACGTAATATGAATTGCAGATATTCGTGAATCATCGAATCTTTGAACGCACATTGCGCCCTTTGGTATTCCAAAGGGCATGCCTGTTTGAGCGTCATTTCTCCCTCAAACCCCCGGGTTTGGTGTTGAGCAATACGCTAGGTTTGTTTGAAAGAATTTAACGTGGAAACTTATTTTAAGCGACTTAGGTTTATCCAAAAACGCTTATTTTGCTAGTGGCCACCACAATTTATTTCATAACTTTGACCTCAAATCAGGTAGGACTACCCGCTGAACTTAAGCATATCAATAAGCGGAGGAA","Lower resistance concern",492
"PX441339.1 Candida tropicalis isolate IHSANSPUT77 internal transcribed spacer 1, partial sequence; 5.8S ribosomal RNA gene and internal transcribed spacer 2, complete sequence; and large subunit ribosomal RNA gene, partial sequence","Candida tropicalis","CACGCACTGCATGATTGCACCACATGTGTTTTTTATTGAACAAATTTCTTTGGTGGCGGGAGCAATCCTACCGCCAGAGGTTATAACTAAACCAAACTTTTTATTTACAGTCAAACTTGATTTATTATTACAATAGTCAAAACTTTCAACAACGGATCTCTTGGTTCTCGCATCGATGAAGAACGCAGCGAAATGCGATACGTAATATGAATTGCAGATATTCGTGAATCATCGAATCTTTGAACGCACATTGCGCCCTTTGGTATTCCAAAGGGCATGCCTGTTTGAGCGTCATTTCTCCCTCAAACCCCCGGGTTTGGTGTTGAGCAATACGCTAGGTTTGTTTGAAAGAATTTAACGTGGAAACTTATTTTAAGCGACTTAGGTTTATCCAAAAACGCTTATTTTGCTAGTGGCCACCACAATTTATTTCATAACTTTGACCTCAAATCAGGTAGGACTACCCGCTGAACTTAACCATATCATAACGGGCAAGGAAAGGGGACCATAAGGGATTGGCTAAAT","Lower resistance concern",525
"PX441336.1 Candida tropicalis isolate IHSANSPUT5 small subunit ribosomal RNA gene, partial sequence; internal transcribed spacer 1, 5.8S ribosomal RNA gene, and internal transcribed spacer 2, complete sequence; and large subunit ribosomal RNA gene, partial sequence","Candida tropicalis","TTGTAAGTAGGTGACTGCGGAAGGATCATTACTGATTTGCTTAATTGCACCACATGTGTTTTTTATTGAACAAATTTCTTTGGTGGCGGGAGCAATCCTACCGCCAGAGGTTATAACTAAACCAAACTTTTTATTTACAGTCAAACTTGATTTATTATTACAATAGTCAAAACTTTCAACAACGGATCTCTTGGTTCTCGCATCGATGAAGAACGCAGCGAAATGCGATACGTAATATGAATTGCAGATATTCGTGAATCATCGAATCTTTGAACGCACATTGCGCCCTTTGGTATTCCAAAGGGCATGCCTGTTTGAGCGTCATTTCTCCCTCAAACCCCCGGGTTTGGTGTTGAGCAATACGCTAGGTTTGTTTGAAAGAATTTAACGTGGAAACTTATTTTAAGCGACTTAGGTTTATCCAAAAACGCTTATTTTGCTAGTGGCCACCACAATTTATTTCATAACTTTGACCTCAAATCAGGTAGGACTACCCGCTGAACTTAAGCATAGGGTAATACTGAAGGAAGGGGATCATTA","Lower resistance concern",540
"PX400308.1 Candida tropicalis isolate SM5 internal transcribed spacer 1, partial sequence; 5.8S ribosomal RNA gene and internal transcribed spacer 2, complete sequence; and large subunit ribosomal RNA gene, partial sequence","Candida tropicalis","ACAAAACCCCTTTTTGGGGAAGGCAGGGAAGCAATCCTACCGCCAGAGGTTATAACTCTATCCAAACTTTTTATTTACAGTCAAACTTGATTTTTTTTTAAAATAGCCAAAACTTTCAAAAACGGATCCCTTGGTTCTCGCATCGATGAAGAACGCCGCGAAATGCGATACGTAATATGAATTGCAGATATTCGTGAATCATCGAATCTTTGAACGCACATTGCGCCCTTTGGTATTCCAAAGGGCATGCCTGTTTGAGCGTCATTTCTCCCTCAAACCCCCGGGTTTGGTGTTGAGCAATACGCTAGGTTTGTTTGAAAGAATTTAACGTGGAAACTTTTTTTAAGCGACTTAGGTTTACCCAAAACGCTTATTTGGCAAGTGGCCACCACAATTTATTTCATAACTTTGACCTCAAATCAGGTAGGACTACCCGCTGAACTTAAGCATATCAATAAGCAGAGGCACCACATC","Lower resistance concern",474
"LC894553.1 Candida tropicalis TWC-MHS1063 genes for 18S rRNA, ITS1, 5.8S rRNA, ITS2, 28S rRNA, partial and complete sequence","Candida tropicalis","AAGGATCATTACTGATTTGCTTAATTGCACCACATGTGTTTTTTATTGAACAAATTTCTTTGGTGGCGGGAGCAATCCTACCGCCAGAGGTTATAACTAAACCAAACTTTTTATTTACAGTCAAACTTGATTTATTATTACAATAGTCAAAACTTTCAACAACGGATCTCTTGGTTCTCGCATCGATGAAGAACGCAGCGAAATGCGATACGTAATATGAATTGCAGATATTCGTGAATCATCGAATCTTTGAACGCACATTGCGCCCTTTGGTATTCCAAAGGGCATGCCTGTTTGAGCGTCATTTCTCCCTCAAACCCCCGGGTTTGGTGTTGAGCAATACGCTAGGTTTGTTTGAAAGAATTTAACGTGGAAACTTATTTTAAGCGACTTAGGTTTATCCAAAACGCTTATTTTGCTAGTGGCCACCACAATTTATTTCATAACTTTGACCTCAAATCAGGTAGGACTACCCGCTGAACTTAA","Lower resistance concern",486
"PX342738.1 Candida tropicalis isolate Dum3 small subunit ribosomal RNA gene, partial sequence; internal transcribed spacer 1, 5.8S ribosomal RNA gene, and internal transcribed spacer 2, complete sequence; and large subunit ribosomal RNA gene, partial sequence","Candida tropicalis","CAGGTAGGGATGTCCGTTGCTGAGCTGCGGAGGATCATTACTGATTTGCTTAATTGCACCACACGTGTTTTTTATTGAACTATTTCTTTGGTGGCGGGAGCAATCCTACCGCCAGAGGTTATAACTAAACCACACTTTTTATTTACCGTCAAACTTGATTTATTATTACAATAGTCTAAACTTTCAACAACGGATCTCTTGGTTCTCGCATCGATGAAGAACGCAGCGAAATGCGATACGTAATATGAATTGCAGATATTCGTGAATCATCGAATCTTTGAACGCACATTGCGCCCTTTGGTATTCCAAAGGGCATGCCTGTTTGAGCGTCATTTCTCCCTCAAACCCCCGGGTTTGGTGTTGAGCAATACCCTACGTTTGTTTGAAAGAATTTAACGTGGAAACTTATTTTAAGCGACTTACGTTTATCCAAAACCCTTATTTTGGTAGTGGCCACCACAATTTAATTCATAACTTTGACCTCCAATCACGGAGGACTACCCGCTGAACTTAAGCAAATCCATAAACGGAAGAAAAGAAACCAACAAGGATTGCCCGTTAAACCGGCGACAATAAGCGGAGGAAAAGAAACCAACAGGGATTGCCCAGTTAACGGCGAGG","Lower resistance concern",621
"PX587998.1 Candida tropicalis isolate GMC94 internal transcribed spacer 1, partial sequence; 5.8S ribosomal RNA gene and internal transcribed spacer 2, complete sequence; and large subunit ribosomal RNA gene, partial sequence","Candida tropicalis","TTGCTTATTGCACCACATGTGTTTTTTATTGAACAAATTTCTTTGGTGGCGGGAGCAATCCTACCGCCAGAGGTTATAACTAAACCAAACTTTTTATTTACAGTCAAACTTGATTTATTATTACAATAGTCAAAACTTTCAACAACGGATCTCTTGGTTCTCGCATCGATGAAGAACGCAGCGAAATGCGATACGTAATATGAATTGCAGATATTCGTGAATCATCGAATCTTTGAACGCACATTGCGCCCTTTGGTATTCCAAAGGGCATGCCTGTTTGAGCGTCATTTCTCCCTCAAACCCCCGGGTTTGGTGTTGAGCAATACGCTAGGTTTGTTTGAAAGAATTTAACGTGGAAACTTATTTTAAGCGACTTAGGTTTATCCAAAACGCTTATTTTGCTAGTGGCCACCACAATTTATTTCATAACTTTGACCTCAAATCAGGTAGGACTACCCGCTGAACTTAAGCATATCAATAAGCGGAGGAAA","Lower resistance concern",491
"PX587992.1 Candida tropicalis isolate GMC77 internal transcribed spacer 1, partial sequence; 5.8S ribosomal RNA gene and internal transcribed spacer 2, complete sequence; and large subunit ribosomal RNA gene, partial sequence","Candida tropicalis","ATTGCACCACATGTGTTTTTTATTGAACAAATTTCTTTGGTGGCGGGAGCAATCCTACCGCCAGAGGTTATAACTAAACCAAACTTTTTATTTACAGTCAAACTTGATTTATTATTACAATAGTCAAAACTTTCAACAACGGATCTCTTGGTTCTCGCATCGATGAAGAACGCAGCGAAATGCGATACGTAATATGAATTGCAGATATTCGTGAATCATCGAATCTTTGAACGCACATTGCGCCCTTTGGTATTCCAAAGGGCATGCCTGTTTGAGCGTCATTTCTCCCTCAAACCCCCGGGTTTGGTGTTGAGCAATACGCTAGGTTTGTTTGAAAGAATTTAACGTGGAAACTTATTTTAAGCGACTTAGGTTTATCCAAAACGCTTATTTTGCTAGTGGCCACCACAATTTATTTCATAACTTTGACCTCAAATCAGGTAGGACTACCCGCTGAACTTAAGCATATCAATAAGCGGAAGAAA","Lower resistance concern",485
"PX491108.1 Candida tropicalis strain Ctr9087X312 internal transcribed spacer 1, partial sequence; 5.8S ribosomal RNA gene, complete sequence; and internal transcribed spacer 2, partial sequence","Candida tropicalis","TCTGATTGCTTATTGCCACATGTGTTTTTTATTGAACAAATTTCTTTGGTGGCGGGAGCAATCCTACCGCCAGAGGTTATAACTAAACCAAACTTTTTATTTACAGTCAAACTTGATTTATTATTACAATAGTCAAAACTTTCAACAACGGATCTCTTGGTTCTCGCATCGATGAAGAACGCAGCGAAATGCGATACGTAATATGAATTGCAGATATTCGTGAATCATCGAATCTTTGAACGCACATTGCGCCCTTTGGTATTCCAAAGGGCATGCCTGTTTGAGCGTCATTTCTCCCTCAAACCCCCGGGTTTGGTGTTGAGCAATACGCTAGGTTTGTTTGAAAGAATTTAACGTGGAAACTTATTTTAAGCGACTTAGGTTTATCCAAAACGGTTAATTTGGTAAGGGGCCACCCCAATTAATTCCTTACCTTGAACCTCAAACCAGGAAGAACTACCGGTTAACTTTAGGATTATCAAAAGCGGGAAGAAATTTCCT","Lower resistance concern",501
"PX587988.1 Candida tropicalis isolate GMC62 internal transcribed spacer 1, partial sequence; 5.8S ribosomal RNA gene, complete sequence; and internal transcribed spacer 2, partial sequence","Candida tropicalis","GCTTATTGCACCACATGTGTTTTTTATTGAACAAATTTCTTTGGTGGCGGGAGCAATCCTACCGCCAGAGGTTATAACTAAACCAAACTTTTTATTTACAGTCAAACTTGATTTATTATTACAATAGTCAAAACTTTCAACAACGGATCTCTTGGTTCTCGCATCGATGAAGAACGCAGCGAAATGCGATACGTAATATGAATTGCAGATATTCGTGAATCATCGAATCTTTGAACGCACATTGCGCCCTTTGGTATTCCAAAGGGCATGCCTGTTTGAGCGTCATTTCTCCCTCAAACCCCCGGGTTTGGTGTTGAGCAATACGCTAGGTTTGTTTGAAAGAATTTAACGTGGAAACTTATTTTAAGCGACTTAGGTTTATCCAAAAACCTTTATTTGGCAAGGGCCCCCCAAATTTTTTTCCAAACTTTTACCCCCAAACCGGGAGGAACACCCCCCAAACTTAACCCATAT","Lower resistance concern",474
"LC894552.1 Candida tropicalis TWC-MHS1062 genes for 18S rRNA, ITS1, 5.8S rRNA, ITS2, 28S rRNA, partial and complete sequence","Candida tropicalis","AAGGATCATTACTGATTTGCTTAATTGCACCACATGTGTTTTTTATTGAACAAATTTCTTTGGTGGCGGGAGCAATCCTACCGCCAGAGGTTATAACTAAACCAAACTTTTTATTTACAGTCAAACTTGATTTATTATTACAATAGTCAAAACTTTCAACAACGGATCTCTTGGTTCTCGCATCGATGAAGAACGCAGCGAAATGCGATACGTAATATGAATTGCAGATATTCGTGAATCATCGAATCTTTGAACGCACATTGCGCCCTTTGGTATTCCAAAGGGCATGCCTGTTTGAGCGTCATTTCTCCCTCAAACCCCCGGGTTTGGTGTTGAGCAATACGCTAGGTTTGTTTGAAAGAATTTAACGTGGAAACTTATTTTAAGCGACTTAGGTTTATCCAAAAACGCTTATTTTGCTAGTGGCCACCACAATTTATTTCATAACTTTGACCTCAAATCAGGTAGGACTACCCGCTGAACTTAA","Lower resistance concern",487
"PX491105.1 Candida tropicalis strain Ctr9106X275 internal transcribed spacer 1, partial sequence; 5.8S ribosomal RNA gene and internal transcribed spacer 2, complete sequence; and large subunit ribosomal RNA gene, partial sequence","Candida tropicalis","GGACTCTGATTTGCTTATTGCCCACATGTGTTTTTTATTGAACAAATTTCTTTGGTGGCGGGAGCAATCCTACCGCCAGAGGTTATAACTAAACCAAACTTTTTATTTACAGTCAAACTTGATTTATTATTACAATAGTCAAAACTTTCAACAACGGATCTCTTGGTTCTCGCATCGATGAAGAACGCAGCGAAATGCGATACGTAATATGAATTGCAGATATTCGTGAATCATCGAATCTTTGAACGCACATTGCGCCCTTTGGTATTCCAAAGGGCATGCCTGTTTGAGCGTCATTTCTCCCTCAAACCCCCGGGTTTGGTGTTGAGCAATACGCTAGGTTTGTTTGAAAGAATTTAACGTGGAAACTTATTTTAAGCGACTTAGGTTTATCCAAAAACGCTTATTTTGCTAGTGGCCACCACAATTTATTTCATAACTTTGACCTCAAATCAGGTAGGACTACCCGCTGAACTTAAGCATATCATAAAG","Lower resistance concern",492
"PX587994.1 Candida tropicalis isolate GMC87 internal transcribed spacer 1, partial sequence; 5.8S ribosomal RNA gene and internal transcribed spacer 2, complete sequence; and large subunit ribosomal RNA gene, partial sequence","Candida tropicalis","CATGTGTTTTTTATTGAACAAATTTCTTTGGTGGCGGGAGCAATCCTACCGCCAGAGGTTATAACTAAACCAAACTTTTTATTTACAGTCAAACTTGATTTATTATTACAATAGTCAAAACTTTCAACAACGGATCTCTTGGTTCTCGCATCGATGAAGAACGCAGCGAAATGCGATACGTAATATGAATTGCAGATATTCGTGAATCATCGAATCTTTGAACGCACATTGCGCCCTTTGGTATTCCAAAGGGCATGCCTGTTTGAGCGTCATTTCTCCCTCAAACCCCCGGGTTTGGTGTTGAGCAATACGCTAGGTTTGTTTGAAAGAATTTAACGTGGAAACTTATTTTAAGCGACTTAGGTTTATCCAAAACGCTTATTTTGCTAGGGGCCACCACAATTTATTTCATAACTTTGACCTCAAATCAGGTAGGACTACCCGCTGAACTTAAGCATATCATAAGCCGAAGAAA","Lower resistance concern",475
"PX587982.1 Candida tropicalis isolate GMC45 internal transcribed spacer 1, partial sequence; 5.8S ribosomal RNA gene and internal transcribed spacer 2, complete sequence; and large subunit ribosomal RNA gene, partial sequence","Candida tropicalis","ATTGCACCACATGTGTTTTTTATTGAACAAATTTCTTTGGTGGCGGGAGCAATCCTACCGCCAGAGGTTATAACTAAACCAAACTTTTTATTTACAGTCAAACTTGATTTATTATTACAATAGTCAAAACTTTCAACAACGGATCTCTTGGTTCTCGCATCGATGAAGAACGCAGCGAAATGCGATACGTAATATGAATTGCAGATATTCGTGAATCATCGAATCTTTGAACGCACATTGCGCCCTTTGGTATTCCAAAGGGCATGCCTGTTTGAGCGTCATTTCTCCCTCAAACCCCCGGGTTTGGTGTTGAGCAATACGCTAGGTTTGTTTGAAAGAATTTAACGTGGAAACTTATTTTAAGCGACTTAGGTTTATCCAAAACGCTTATTTTGCTAGTGGCCACCACAATTTATTTCATAACTTTGACCTCAAATCAGGTAGGACTACCCGCTGAACTTAAGCATATCAATAAGCCGGAGGAAA","Lower resistance concern",486
